Date,Match,Home,Away,Stadium,Attendance,Gls,Ast,PK,PKatt,Sh,SoT,CrdY,CrdR,Touches,Press,Tkl,Int_x,Blocks,xG,npxG,xA,SCA,GCA,Cmp,Att,Prog,Carries,Prog.1,Succ,Att.1,2CrdY,Fls,Fld,Off,Crs,TklW,PKwon,PKcon,OG,Recov,Won,Lost
2020-11-08,Arsenal_vs_Aston_Villa,Arsenal,Aston Villa,Emirates Stadium London,0,0,0,0,0,13,2,0,0,666,113,11,2,20,1.5,1.5,0.6000000000000001,17,0,473,566,38,503,64,11,15,0,14,15,1,22,7,0,0,1,91,9,18
2020-11-08,Arsenal_vs_Aston_Villa,Aston Villa,Arsenal,Emirates Stadium London,0,2,2,0,0,17,5,0,0,515,104,19,1,12,1.8000000000000003,1.8000000000000003,1.7000000000000002,31,6,317,409,37,309,36,16,19,0,15,14,1,12,13,0,0,0,89,18,9
2020-12-13,Arsenal_vs_Burnley,Arsenal,Burnley,"Emirates Stadium, London",2000,0,0,0,0,18,6,2,1,727,104,12,1,12,1.5000000000000002,1.5000000000000002,1.0,30,0,501,635,36,490,50,6,14,0,7,11,3,23,10,0,0,1,99,15,24
2020-12-13,Arsenal_vs_Burnley,Burnley,Arsenal,"Emirates Stadium, London",2000,0,0,0,0,10,2,1,0,471,106,16,14,19,0.9,0.9,0.9,16,0,242,344,14,227,23,6,11,0,12,7,3,10,8,0,0,0,91,24,15
2020-12-26,Arsenal_vs_Chelsea,Arsenal,Chelsea,Emirates Stadium London,0,3,1,1,1,14,6,2,0,476,153,17,9,14,2.0,1.3000000000000003,0.5,17,6,252,360,19,269,30,7,14,0,16,15,2,12,12,1,1,0,74,18,34
2020-12-26,Arsenal_vs_Chelsea,Chelsea,Arsenal,Emirates Stadium London,0,1,1,0,1,18,2,1,0,656,153,13,18,21,2.3000000000000003,1.5000000000000002,1.2000000000000002,29,2,424,519,41,410,61,14,22,0,15,16,1,23,8,1,1,0,97,34,18
2021-01-14,Arsenal_vs_Crystal_Palace,Arsenal,Crystal Palace,Emirates Stadium London,0,0,0,0,0,12,4,1,0,831,150,19,10,20,0.6000000000000001,0.6000000000000001,0.4,18,0,624,727,54,622,84,15,23,0,11,12,2,15,9,0,0,0,94,16,20
2021-01-14,Arsenal_vs_Crystal_Palace,Crystal Palace,Arsenal,Emirates Stadium London,0,0,0,0,0,13,3,1,0,490,161,15,10,20,1.0999999999999999,1.0999999999999999,0.7,20,0,276,358,22,292,34,9,21,0,12,10,1,6,8,0,0,0,81,20,16
2020-10-25,Arsenal_vs_Leicester_City,Arsenal,Leicester City,Emirates Stadium London,0,0,0,0,0,12,4,3,0,704,100,14,3,23,1.1,1.1,1.0,20,0,520,611,39,472,69,2,7,0,14,10,2,12,9,0,0,0,88,11,16
2020-10-25,Arsenal_vs_Leicester_City,Leicester City,Arsenal,Emirates Stadium London,0,1,1,0,0,6,3,5,0,565,152,13,1,21,1.2,1.2,1.0,10,2,379,467,12,327,29,6,12,0,10,14,0,4,8,0,0,0,77,16,11
2021-01-18,Arsenal_vs_Newcastle_United,Arsenal,Newcastle United,Emirates Stadium London,0,3,3,0,0,20,6,0,0,765,90,13,6,13,2.8,2.8,2.0,35,6,592,672,57,531,69,12,18,0,11,10,4,19,9,0,0,0,85,7,20
2021-01-18,Arsenal_vs_Newcastle_United,Newcastle United,Arsenal,Emirates Stadium London,0,0,0,0,0,4,1,0,0,435,113,14,8,16,0.1,0.1,0.1,8,0,265,353,19,245,13,8,15,0,10,10,1,5,8,0,0,0,50,20,7
2020-10-04,Arsenal_vs_Sheffield_United,Arsenal,Sheffield United,Emirates Stadium London,0,2,2,0,0,6,5,0,0,814,120,6,4,18,0.4,0.4,0.30000000000000004,10,4,631,730,32,526,66,8,13,0,3,9,0,14,5,0,0,0,74,11,16
2020-10-04,Arsenal_vs_Sheffield_United,Sheffield United,Arsenal,Emirates Stadium London,0,1,1,0,0,6,2,1,0,503,158,10,4,17,0.1,0.1,0.1,6,1,322,420,23,281,32,1,4,0,10,2,3,13,2,0,0,0,86,16,11
2020-12-16,Arsenal_vs_Southampton,Arsenal,Southampton,Emirates Stadium London,0,1,1,0,0,9,4,3,1,486,101,9,24,14,0.5,0.5,0.7,15,2,285,378,33,292,26,10,17,1,14,14,1,8,6,0,0,0,67,18,10
2020-12-16,Arsenal_vs_Southampton,Southampton,Arsenal,Emirates Stadium London,0,1,1,0,0,13,3,3,0,758,119,13,4,14,1.0,1.0,1.0,12,1,554,665,27,575,66,10,13,0,14,13,1,13,9,0,0,0,99,10,18
2020-09-19,Arsenal_vs_West_Ham_United,Arsenal,West Ham United,Emirates Stadium London,0,2,2,0,0,6,3,0,0,794,91,6,6,19,1.4000000000000004,1.4000000000000004,1.3,10,4,592,693,43,548,51,6,11,0,12,15,5,15,3,0,0,0,94,14,13
2020-09-19,Arsenal_vs_West_Ham_United,West Ham United,Arsenal,Emirates Stadium London,0,1,1,0,0,15,3,1,0,532,127,11,3,15,2.0,2.0,1.4,23,2,335,432,17,297,33,7,8,0,16,12,2,15,8,0,0,0,82,13,14
2020-11-29,Arsenal_vs_Wolverhampton_Wanderers,Arsenal,Wolverhampton Wanderers,Emirates Stadium London,0,1,1,0,0,13,2,3,0,641,115,10,8,21,1.0,1.0,0.7,18,2,445,547,52,451,62,4,9,0,16,13,2,23,4,0,0,0,85,15,13
2020-11-29,Arsenal_vs_Wolverhampton_Wanderers,Wolverhampton Wanderers,Arsenal,Emirates Stadium London,0,2,0,0,0,11,5,4,0,558,82,17,11,22,1.5,1.5,0.8,21,3,337,426,17,344,35,18,21,0,14,14,0,12,12,0,0,0,67,13,15
2020-11-21,Aston_Villa_vs_Brighton_&_Hove_Albion,Aston Villa,Brighton & Hove Albion,Villa Park Birmingham,0,1,1,0,0,15,4,2,0,604,95,10,5,9,1.5,1.5,0.5,19,2,405,512,45,421,60,12,20,0,7,20,2,29,6,0,0,0,96,11,15
2020-11-21,Aston_Villa_vs_Brighton_&_Hove_Albion,Brighton & Hove Albion,Aston Villa,Villa Park Birmingham,0,2,2,0,0,7,3,3,1,538,132,20,18,18,1.4000000000000001,1.4000000000000001,1.1,11,4,327,416,19,294,38,5,8,1,19,7,0,13,13,0,0,0,51,15,11
2020-12-17,Aston_Villa_vs_Burnley,Aston Villa,Burnley,Villa Park Birmingham,0,0,0,0,0,27,6,1,0,546,85,7,8,9,2.0,2.0,1.0,45,0,307,420,37,290,48,16,18,0,18,25,2,17,6,0,0,0,111,34,27
2020-12-17,Aston_Villa_vs_Burnley,Burnley,Aston Villa,Villa Park Birmingham,0,0,0,0,0,6,4,1,0,409,119,16,12,20,0.6,0.6,0.4,10,0,176,297,14,163,16,5,7,0,26,18,2,10,8,0,0,0,83,27,34
2020-12-26,Aston_Villa_vs_Crystal_Palace,Aston Villa,Crystal Palace,Villa Park Birmingham,0,3,1,0,0,21,10,3,1,441,100,13,5,17,3.8,3.8,2.1,35,4,231,325,21,241,41,12,17,1,16,18,1,15,8,0,0,0,80,30,19
2020-12-26,Aston_Villa_vs_Crystal_Palace,Crystal Palace,Aston Villa,Villa Park Birmingham,0,0,0,0,0,13,6,4,0,599,91,8,5,15,1.0,1.0,0.7999999999999999,18,0,394,504,46,351,54,3,6,0,18,17,2,15,5,0,0,0,97,19,30
2020-10-23,Aston_Villa_vs_Leeds_United,Aston Villa,Leeds United,Villa Park Birmingham,0,0,0,0,0,12,3,2,0,439,134,12,10,17,1.3000000000000003,1.3000000000000003,0.6000000000000001,20,0,229,334,26,251,42,13,14,0,17,23,0,5,8,0,0,0,78,22,16
2020-10-23,Aston_Villa_vs_Leeds_United,Leeds United,Aston Villa,Villa Park Birmingham,0,3,2,0,0,28,9,2,0,596,140,16,3,19,3.7000000000000006,3.7000000000000006,2.4,46,5,378,481,47,320,49,7,11,0,23,17,0,24,11,0,0,0,106,16,22
2020-10-04,Aston_Villa_vs_Liverpool,Aston Villa,Liverpool,Villa Park Birmingham,0,7,6,0,0,18,11,2,0,449,231,20,4,23,3.8,3.8,3.8000000000000003,28,10,213,308,26,238,34,14,23,0,9,11,2,10,12,0,0,0,106,14,16
2020-10-04,Aston_Villa_vs_Liverpool,Liverpool,Aston Villa,Villa Park Birmingham,0,2,1,0,0,14,8,1,0,786,149,21,4,16,1.6,1.6,1.4000000000000004,21,1,564,674,51,509,57,16,21,0,11,8,1,12,9,0,0,0,101,16,14
2020-09-21,Aston_Villa_vs_Sheffield_United,Aston Villa,Sheffield United,Villa Park Birmingham,0,1,1,0,0,18,2,3,0,710,73,9,4,7,0.9999999999999999,0.9999999999999999,0.8999999999999999,35,2,519,617,45,515,71,4,6,0,12,14,1,31,5,0,1,0,92,30,21
2020-09-21,Aston_Villa_vs_Sheffield_United,Sheffield United,Aston Villa,Villa Park Birmingham,0,0,0,0,1,3,0,1,1,349,112,11,3,16,0.9,0.1,0.0,4,0,146,243,14,147,21,6,9,0,13,12,0,8,9,1,0,0,66,21,30
2020-11-01,Aston_Villa_vs_Southampton,Aston Villa,Southampton,Villa Park Birmingham,0,3,2,1,1,18,9,1,0,534,191,16,3,10,1.8000000000000003,1.1,0.8999999999999999,33,6,312,439,34,311,37,14,21,0,12,18,2,22,7,1,0,0,107,22,17
2020-11-01,Aston_Villa_vs_Southampton,Southampton,Aston Villa,Villa Park Birmingham,0,4,2,0,0,9,4,2,0,465,139,15,6,19,0.6,0.6,0.5,18,8,231,329,19,219,23,5,12,0,18,11,2,2,7,0,1,0,94,17,22
2020-12-29,Brighton_&_Hove_Albion_vs_Arsenal,Brighton & Hove Albion,Arsenal,The American Express Community Stadium Brighton &amp; Hove,0,0,0,0,0,13,2,2,0,620,114,19,3,15,0.8,0.8,0.5,17,0,442,544,30,362,41,9,12,0,12,6,0,17,8,0,0,0,80,17,16
2020-12-29,Brighton_&_Hove_Albion_vs_Arsenal,Arsenal,Brighton & Hove Albion,The American Express Community Stadium Brighton &amp; Hove,0,1,1,0,0,11,3,0,0,648,83,9,10,22,1.1,1.1,1.1,19,2,460,543,24,421,40,3,7,0,6,12,0,8,6,0,0,0,71,16,17
2020-11-06,Brighton_&_Hove_Albion_vs_Burnley,Brighton & Hove Albion,Burnley,The American Express Community Stadium Brighton &amp; Hove,0,0,0,0,0,19,3,1,0,674,121,11,8,10,1.2,1.2,1.1,31,0,473,591,46,424,69,13,19,0,11,4,1,31,9,0,0,0,112,16,23
2020-11-06,Brighton_&_Hove_Albion_vs_Burnley,Burnley,Brighton & Hove Albion,The American Express Community Stadium Brighton &amp; Hove,0,0,0,0,0,4,1,0,0,509,164,13,7,24,0.30000000000000004,0.30000000000000004,0.2,7,0,291,380,14,271,21,4,9,0,5,11,1,8,5,0,0,0,70,23,16
2020-09-14,Brighton_&_Hove_Albion_vs_Chelsea,Brighton & Hove Albion,Chelsea,The American Express Community Stadium Brighton &amp; Hove,0,1,1,0,0,13,3,1,0,643,121,20,5,19,1.3,1.3,1.2999999999999998,22,2,444,548,26,463,49,13,20,0,10,11,0,11,13,0,1,0,91,9,14
2020-09-14,Brighton_&_Hove_Albion_vs_Chelsea,Chelsea,Brighton & Hove Albion,The American Express Community Stadium Brighton &amp; Hove,0,3,2,1,1,9,4,0,0,600,170,20,12,18,1.2000000000000002,0.4,0.5,18,6,402,484,28,378,33,9,21,0,13,10,3,5,10,1,0,0,73,14,9
2020-11-28,Brighton_&_Hove_Albion_vs_Liverpool,Brighton & Hove Albion,Liverpool,The American Express Community Stadium Brighton &amp; Hove,0,1,0,1,2,9,2,2,0,495,108,23,14,17,2.2,0.6,0.5,20,2,286,380,34,280,27,10,14,0,9,15,2,6,14,2,0,0,91,10,15
2020-11-28,Brighton_&_Hove_Albion_vs_Liverpool,Liverpool,Brighton & Hove Albion,The American Express Community Stadium Brighton &amp; Hove,0,1,1,0,0,6,2,1,0,662,122,12,7,9,0.4,0.4,0.30000000000000004,6,2,464,574,26,450,40,8,16,0,15,8,2,8,7,0,2,0,88,15,10
2020-09-26,Brighton_&_Hove_Albion_vs_Manchester_United,Brighton & Hove Albion,Manchester United,The American Express Community Stadium Brighton &amp; Hove,0,2,1,1,1,17,3,4,0,638,179,19,3,20,2.4000000000000004,1.7,1.0999999999999999,29,4,442,535,33,429,38,12,15,0,19,19,1,18,14,1,1,1,91,8,8
2020-09-26,Brighton_&_Hove_Albion_vs_Manchester_United,Manchester United,Brighton & Hove Albion,The American Express Community Stadium Brighton &amp; Hove,0,2,1,1,1,6,2,2,0,569,130,18,4,18,1.1,0.30000000000000004,0.30000000000000004,10,5,372,448,29,349,38,12,19,0,19,18,4,8,10,0,1,0,74,8,8
2020-12-20,Brighton_&_Hove_Albion_vs_Sheffield_United,Brighton & Hove Albion,Sheffield United,The American Express Community Stadium Brighton &amp; Hove,0,1,0,0,0,21,4,1,0,686,86,10,2,9,2.5000000000000004,2.5000000000000004,1.7000000000000002,34,0,500,604,47,456,69,9,16,0,9,13,1,20,6,0,0,0,91,25,26
2020-12-20,Brighton_&_Hove_Albion_vs_Sheffield_United,Sheffield United,Brighton & Hove Albion,The American Express Community Stadium Brighton &amp; Hove,0,1,1,0,0,5,3,5,1,342,136,11,10,20,0.7,0.7,0.7,10,2,148,239,11,140,12,7,10,0,12,9,2,7,7,0,0,0,62,26,25
2020-12-07,Brighton_&_Hove_Albion_vs_Southampton,Brighton & Hove Albion,Southampton,"The American Express Community Stadium, Brighton &amp; Hove",2000,1,0,1,1,11,3,3,0,544,138,25,3,15,2.0000000000000004,1.3000000000000003,0.7999999999999999,20,2,303,425,24,319,38,14,24,0,14,12,2,15,15,0,1,0,116,15,22
2020-12-07,Brighton_&_Hove_Albion_vs_Southampton,Southampton,Brighton & Hove Albion,"The American Express Community Stadium, Brighton &amp; Hove",2000,2,1,1,1,9,2,3,0,580,160,20,10,15,1.0,0.2,0.30000000000000004,18,4,348,467,28,321,50,12,21,0,13,14,3,14,14,1,1,0,111,22,15
2020-10-26,Brighton_&_Hove_Albion_vs_West_Bromwich_Albion,Brighton & Hove Albion,West Bromwich Albion,The American Express Community Stadium Brighton &amp; Hove,0,0,0,0,0,5,3,2,0,620,97,17,4,10,0.7,0.7,0.7,11,1,408,506,38,388,33,10,21,0,19,11,2,8,12,0,0,0,86,20,19
2020-10-26,Brighton_&_Hove_Albion_vs_West_Bromwich_Albion,West Bromwich Albion,Brighton & Hove Albion,The American Express Community Stadium Brighton &amp; Hove,0,1,0,0,0,9,3,0,0,647,139,22,4,13,0.5,0.5,0.1,9,1,420,519,38,421,38,6,18,0,12,19,1,16,10,0,0,1,101,19,20
2021-01-02,Brighton_&_Hove_Albion_vs_Wolverhampton_Wanderers,Brighton & Hove Albion,Wolverhampton Wanderers,The American Express Community Stadium Brighton &amp; Hove,0,3,2,1,1,12,3,2,0,680,87,22,6,16,1.8,0.9999999999999999,0.7,21,5,494,582,47,447,60,4,9,0,18,11,1,14,11,1,1,1,84,15,9
2021-01-02,Brighton_&_Hove_Albion_vs_Wolverhampton_Wanderers,Wolverhampton Wanderers,Brighton & Hove Albion,The American Express Community Stadium Brighton &amp; Hove,0,2,1,1,1,10,3,1,0,599,80,16,4,15,1.6,0.8999999999999999,0.5,18,5,400,477,14,380,36,18,28,0,12,18,0,8,11,1,1,0,72,9,15
2020-10-31,Burnley_vs_Chelsea,Burnley,Chelsea,Turf Moor Burnley,0,0,0,0,0,5,0,1,0,510,103,23,1,14,0.4,0.4,0.30000000000000004,7,0,303,405,20,319,22,7,9,0,10,16,1,7,12,0,0,0,88,13,17
2020-10-31,Burnley_vs_Chelsea,Chelsea,Burnley,Turf Moor Burnley,0,3,3,0,0,14,9,0,0,821,116,17,6,9,1.3,1.3,0.9,23,5,620,713,46,640,50,7,16,0,17,10,4,19,12,0,0,0,96,17,13
2020-11-23,Burnley_vs_Crystal_Palace,Burnley,Crystal Palace,Turf Moor Burnley,0,1,0,0,0,10,5,2,0,552,89,14,12,19,1.7000000000000002,1.7000000000000002,0.4,16,0,328,445,21,342,14,4,7,0,15,9,3,5,5,0,0,0,95,28,21
2020-11-23,Burnley_vs_Crystal_Palace,Crystal Palace,Burnley,Turf Moor Burnley,0,0,0,0,0,15,5,0,0,619,93,15,3,13,1.6000000000000003,1.6000000000000003,0.5,25,0,383,513,37,360,58,9,14,0,10,14,2,15,8,0,0,0,122,21,28
2020-12-05,Burnley_vs_Everton,Burnley,Everton,Turf Moor Burnley,0,1,1,0,0,8,3,0,0,558,168,15,9,19,0.8999999999999999,0.8999999999999999,0.5,9,1,337,442,27,278,26,14,20,0,12,10,0,13,7,0,0,0,86,16,20
2020-12-05,Burnley_vs_Everton,Everton,Burnley,Turf Moor Burnley,0,1,1,0,0,13,6,0,0,732,110,18,6,13,1.6,1.6,1.6000000000000003,20,2,506,623,41,482,63,9,13,0,10,12,3,12,13,0,0,0,120,20,16
2021-01-12,Burnley_vs_Manchester_United,Burnley,Manchester United,Turf Moor Burnley,0,0,0,0,0,11,0,1,0,486,97,9,11,21,0.8999999999999999,0.8999999999999999,0.4,12,0,247,360,22,220,16,4,10,0,20,13,3,10,7,0,0,0,100,18,24
2021-01-12,Burnley_vs_Manchester_United,Manchester United,Burnley,Turf Moor Burnley,0,1,1,0,0,13,7,2,0,721,86,18,7,19,1.2,1.2,0.6000000000000001,23,2,496,590,49,465,63,3,10,0,13,19,2,10,7,0,0,0,88,24,18
2020-12-29,Burnley_vs_Sheffield_United,Burnley,Sheffield United,Turf Moor Burnley,0,1,1,0,0,5,3,1,0,448,73,15,6,8,0.7999999999999999,0.7999999999999999,0.7,9,2,238,345,16,208,11,3,13,0,15,19,2,7,10,0,0,0,98,30,16
2020-12-29,Burnley_vs_Sheffield_United,Sheffield United,Burnley,Turf Moor Burnley,0,0,0,0,0,7,2,2,0,688,109,14,1,7,0.4,0.4,0.4,9,0,488,609,40,465,61,9,18,0,19,13,2,18,11,0,0,0,98,16,30
2020-09-26,Burnley_vs_Southampton,Burnley,Southampton,Turf Moor Burnley,0,0,0,0,0,10,2,1,0,681,150,14,6,17,0.5,0.5,0.2,9,0,418,594,24,350,28,3,7,0,10,11,2,20,8,0,0,0,151,30,29
2020-09-26,Burnley_vs_Southampton,Southampton,Burnley,Turf Moor Burnley,0,1,1,0,0,5,1,0,0,648,154,15,4,24,0.6,0.6,0.6,7,2,367,501,24,331,32,6,10,0,11,9,1,5,6,0,0,0,126,29,30
2020-10-26,Burnley_vs_Tottenham_Hotspur,Burnley,Tottenham Hotspur,Turf Moor Burnley,0,0,0,0,0,12,3,2,0,498,121,17,2,16,0.7,0.7,0.5,19,0,288,406,26,286,23,5,7,0,12,9,4,7,10,0,0,0,106,25,26
2020-10-26,Burnley_vs_Tottenham_Hotspur,Tottenham Hotspur,Burnley,Turf Moor Burnley,0,1,1,0,0,8,3,0,0,737,127,11,3,13,0.6,0.6,0.6,14,2,532,643,38,472,69,5,15,0,9,11,2,9,4,0,0,0,93,26,25
2020-12-21,Burnley_vs_Wolverhampton_Wanderers,Burnley,Wolverhampton Wanderers,Turf Moor Burnley,0,2,1,0,0,10,4,2,0,395,130,17,8,16,1.7000000000000002,1.7000000000000002,1.2,13,2,198,292,16,201,20,5,9,0,15,15,1,11,9,0,1,0,75,25,13
2020-12-21,Burnley_vs_Wolverhampton_Wanderers,Wolverhampton Wanderers,Burnley,Turf Moor Burnley,0,1,0,1,1,14,2,1,0,604,103,10,7,7,1.4000000000000004,0.6,0.5,24,2,420,513,32,422,56,16,23,0,16,15,2,16,6,1,0,0,79,13,25
2020-12-28,Chelsea_vs_Aston_Villa,Chelsea,Aston Villa,Stamford Bridge London,0,1,1,0,0,16,5,3,0,708,138,19,10,13,1.3000000000000003,1.3000000000000003,0.6000000000000001,23,2,484,597,39,491,62,7,16,0,21,5,1,20,14,0,0,0,100,17,19
2020-12-28,Chelsea_vs_Aston_Villa,Aston Villa,Chelsea,Stamford Bridge London,0,1,1,0,0,10,2,1,0,475,105,25,9,17,0.6,0.6,0.5,16,2,241,346,32,249,27,11,17,0,5,20,1,14,14,0,0,0,82,19,17
2020-10-03,Chelsea_vs_Crystal_Palace,Chelsea,Crystal Palace,Stamford Bridge London,0,4,1,2,2,15,4,2,0,850,137,16,10,13,2.6000000000000005,1.0,0.8,27,4,651,736,36,606,57,5,10,0,18,13,1,10,6,2,0,0,88,18,11
2020-10-03,Chelsea_vs_Crystal_Palace,Crystal Palace,Chelsea,Stamford Bridge London,0,0,0,0,0,4,0,0,0,433,130,14,3,21,0.1,0.1,0.1,6,0,234,325,17,256,26,9,15,0,15,17,0,9,7,0,2,0,75,11,18
2020-12-05,Chelsea_vs_Leeds_United,Chelsea,Leeds United,"Stamford Bridge, London",2000,3,3,0,0,24,10,0,0,587,128,23,26,15,4.0,4.0,2.4000000000000004,40,6,350,458,34,391,58,10,25,0,15,10,1,10,14,0,0,0,86,12,12
2020-12-05,Chelsea_vs_Leeds_United,Leeds United,Chelsea,"Stamford Bridge, London",2000,1,1,0,0,9,3,2,0,663,133,29,13,24,1.3000000000000003,1.3000000000000003,1.1,15,2,424,532,27,383,40,11,17,0,10,15,4,13,15,0,0,0,92,12,12
2020-09-20,Chelsea_vs_Liverpool,Chelsea,Liverpool,Stamford Bridge London,0,0,0,0,1,4,2,0,1,638,115,17,7,21,1.1,0.30000000000000004,0.2,10,0,439,518,16,474,23,15,27,0,13,8,1,3,10,1,0,0,77,10,2
2020-09-20,Chelsea_vs_Liverpool,Liverpool,Chelsea,Stamford Bridge London,0,2,1,0,0,17,5,0,0,896,152,19,7,13,2.6000000000000005,2.6000000000000005,1.2000000000000002,26,3,705,807,58,597,62,10,15,0,8,12,1,15,15,0,1,0,94,2,10
2021-01-03,Chelsea_vs_Manchester_City,Chelsea,Manchester City,Stamford Bridge London,0,1,1,0,0,9,2,3,0,757,103,11,9,20,0.7,0.7,0.9000000000000001,15,2,595,670,35,524,74,12,16,0,14,11,2,13,8,0,0,0,69,8,13
2021-01-03,Chelsea_vs_Manchester_City,Manchester City,Chelsea,Stamford Bridge London,0,3,2,0,0,18,6,1,0,678,116,14,8,17,2.5000000000000004,2.5000000000000004,2.2,30,4,506,575,31,402,47,7,12,0,12,13,0,9,10,0,0,0,62,13,8
2020-11-07,Chelsea_vs_Sheffield_United,Chelsea,Sheffield United,Stamford Bridge London,0,4,4,0,0,20,9,0,0,918,132,22,7,17,2.7,2.7,1.9,31,6,695,789,47,557,53,9,15,0,6,18,1,12,13,0,0,0,98,18,21
2020-11-07,Chelsea_vs_Sheffield_United,Sheffield United,Chelsea,Stamford Bridge London,0,1,1,0,0,6,3,2,0,467,153,14,4,21,0.7,0.7,0.1,8,1,255,361,24,216,21,4,11,0,18,6,1,7,9,0,0,0,98,21,18
2020-10-17,Chelsea_vs_Southampton,Chelsea,Southampton,Stamford Bridge London,0,3,2,0,0,12,5,1,0,739,144,15,5,21,1.9,1.9,1.5999999999999999,19,6,500,612,37,401,34,7,15,0,11,10,3,6,6,0,0,0,114,22,9
2020-10-17,Chelsea_vs_Southampton,Southampton,Chelsea,Stamford Bridge London,0,3,2,0,0,13,6,1,0,654,187,24,2,20,2.2,2.2,1.1,14,3,414,548,34,369,43,7,14,0,11,10,1,13,15,0,0,0,120,9,22
2020-11-29,Chelsea_vs_Tottenham_Hotspur,Chelsea,Tottenham Hotspur,Stamford Bridge London,0,0,0,0,0,13,3,4,0,785,116,15,14,10,1.0999999999999999,1.0999999999999999,0.7,20,0,607,697,49,582,63,7,12,0,22,11,3,23,11,0,0,0,91,15,12
2020-11-29,Chelsea_vs_Tottenham_Hotspur,Tottenham Hotspur,Chelsea,Stamford Bridge London,0,0,0,0,0,5,1,2,0,553,138,7,8,16,0.1,0.1,0.1,8,0,371,469,28,338,22,10,16,0,11,21,1,6,5,0,0,0,76,12,15
2020-12-21,Chelsea_vs_West_Ham_United,Chelsea,West Ham United,Stamford Bridge London,0,3,2,0,0,11,7,0,0,686,100,17,10,22,2.1,2.1,1.0999999999999999,13,4,466,556,31,425,46,8,20,0,14,7,0,12,10,0,0,0,77,21,26
2020-12-21,Chelsea_vs_West_Ham_United,West Ham United,Chelsea,Stamford Bridge London,0,0,0,0,0,6,0,0,0,584,104,19,8,8,0.5,0.5,0.2,5,0,369,484,29,347,33,9,13,0,7,14,4,19,11,0,0,0,95,26,21
2020-10-18,Crystal_Palace_vs_Brighton_&_Hove_Albion,Crystal Palace,Brighton & Hove Albion,Selhurst Park London,0,1,0,1,1,0,0,3,0,422,148,25,4,16,0.8,0.0,0.0,2,2,205,307,16,203,16,7,10,0,14,14,1,7,15,1,0,0,80,19,16
2020-10-18,Crystal_Palace_vs_Brighton_&_Hove_Albion,Brighton & Hove Albion,Crystal Palace,Selhurst Park London,0,1,1,0,0,17,3,2,1,699,142,18,6,10,1.2,1.2,1.0,30,1,488,593,46,501,63,11,20,0,13,13,2,11,12,0,1,0,102,16,19
2020-09-26,Crystal_Palace_vs_Everton,Crystal Palace,Everton,Selhurst Park London,0,1,1,0,0,8,1,3,0,531,195,29,15,15,0.5,0.5,0.3,11,2,299,394,36,286,38,8,15,0,18,19,1,13,12,0,1,0,93,16,19
2020-09-26,Crystal_Palace_vs_Everton,Everton,Crystal Palace,Selhurst Park London,0,2,1,1,1,9,4,1,0,677,143,21,1,20,2.0,1.2000000000000002,1.0,17,4,451,540,19,381,30,10,20,0,20,17,0,9,8,0,0,0,83,19,16
2020-11-07,Crystal_Palace_vs_Leeds_United,Crystal Palace,Leeds United,Selhurst Park London,0,3,2,0,0,10,6,0,0,491,139,14,5,21,0.7,0.7,0.8,19,7,260,363,24,305,27,10,18,0,10,18,1,7,8,0,0,0,114,15,20
2020-11-07,Crystal_Palace_vs_Leeds_United,Leeds United,Crystal Palace,Selhurst Park London,0,1,1,0,0,9,3,2,0,747,201,32,3,15,0.7999999999999999,0.7999999999999999,0.7999999999999999,14,2,521,645,50,519,55,9,14,0,19,10,1,12,20,0,0,1,114,20,15
2020-12-28,Crystal_Palace_vs_Leicester_City,Crystal Palace,Leicester City,Selhurst Park London,0,1,1,0,0,4,1,0,0,477,139,20,13,21,0.4,0.4,0.4,7,2,214,347,10,196,20,5,13,0,16,7,3,8,12,0,1,0,100,30,16
2020-12-28,Crystal_Palace_vs_Leicester_City,Leicester City,Crystal Palace,Selhurst Park London,0,1,1,0,1,16,2,1,0,789,127,29,13,13,1.8,1.0,0.8999999999999999,25,1,533,670,44,516,47,8,18,0,7,15,2,13,12,1,0,0,140,16,30
2020-12-19,Crystal_Palace_vs_Liverpool,Crystal Palace,Liverpool,Selhurst Park London,0,0,0,0,0,5,3,1,0,501,124,8,5,12,0.30000000000000004,0.30000000000000004,0.30000000000000004,6,0,308,422,29,315,26,10,18,0,7,16,7,8,8,0,0,0,105,16,12
2020-12-19,Crystal_Palace_vs_Liverpool,Liverpool,Crystal Palace,Selhurst Park London,0,7,7,0,0,14,7,0,0,848,156,16,16,13,2.1,2.1,1.7000000000000002,22,12,659,760,33,557,52,8,12,0,16,7,0,9,11,0,0,0,85,12,16
2020-11-27,Crystal_Palace_vs_Newcastle_United,Crystal Palace,Newcastle United,Selhurst Park London,0,0,0,0,0,12,3,2,0,651,96,18,10,15,0.8999999999999999,0.8999999999999999,0.4,15,0,445,544,38,360,48,12,20,0,10,11,0,16,11,0,0,0,92,23,21
2020-11-27,Crystal_Palace_vs_Newcastle_United,Newcastle United,Crystal Palace,Selhurst Park London,0,2,2,0,0,14,7,2,0,519,148,27,8,11,1.4000000000000004,1.4000000000000004,1.1,23,4,309,408,27,253,29,4,10,0,11,10,0,11,9,0,0,0,90,21,23
2021-01-02,Crystal_Palace_vs_Sheffield_United,Crystal Palace,Sheffield United,Selhurst Park London,0,2,1,0,0,9,4,1,0,592,173,18,10,23,0.6000000000000001,0.6000000000000001,0.2,17,4,338,465,23,336,33,15,21,0,10,20,0,9,11,0,0,0,101,28,26
2021-01-02,Crystal_Palace_vs_Sheffield_United,Sheffield United,Crystal Palace,Selhurst Park London,0,0,0,0,0,7,2,3,0,698,209,20,14,28,0.30000000000000004,0.30000000000000004,0.30000000000000004,9,0,452,569,32,408,35,17,28,0,22,10,3,9,8,0,0,0,95,26,28
2020-09-12,Crystal_Palace_vs_Southampton,Crystal Palace,Southampton,Selhurst Park London,0,1,1,0,0,6,3,2,0,420,119,18,7,18,0.7,0.7,0.6000000000000001,11,2,153,278,22,171,13,9,18,0,16,11,4,9,12,0,0,0,122,30,30
2020-09-12,Crystal_Palace_vs_Southampton,Southampton,Crystal Palace,Selhurst Park London,0,0,0,0,0,9,5,1,0,736,148,35,2,16,0.8,0.8,0.6,15,0,484,626,38,389,44,7,10,0,11,16,1,9,21,0,0,0,113,30,30
2020-12-13,Crystal_Palace_vs_Tottenham_Hotspur,Crystal Palace,Tottenham Hotspur,"Selhurst Park, London",2000,1,0,0,0,16,5,1,0,511,146,14,21,10,1.3000000000000003,1.3000000000000003,0.8,29,0,300,380,38,276,30,12,21,0,17,12,4,10,7,0,0,0,63,19,19
2020-12-13,Crystal_Palace_vs_Tottenham_Hotspur,Tottenham Hotspur,Crystal Palace,"Selhurst Park, London",2000,1,1,0,0,14,6,1,0,606,203,24,11,18,1.1,1.1,0.4,23,2,384,487,32,335,35,7,15,0,13,16,0,11,16,0,0,0,75,19,19
2020-12-19,Everton_vs_Arsenal,Everton,Arsenal,Goodison Park Liverpool,0,1,1,0,0,9,2,1,0,531,132,21,9,11,0.7,0.7,0.5,16,3,351,435,19,319,47,11,15,0,10,11,1,11,14,0,1,0,63,15,5
2020-12-19,Everton_vs_Arsenal,Arsenal,Everton,Goodison Park Liverpool,0,1,0,1,1,13,2,3,0,674,85,10,10,20,1.4000000000000001,0.6000000000000001,0.5,26,1,509,583,52,519,63,9,11,0,11,10,0,13,5,1,0,1,76,5,15
2020-10-03,Everton_vs_Brighton_&_Hove_Albion,Everton,Brighton & Hove Albion,Goodison Park Liverpool,0,4,4,0,0,11,6,0,0,628,192,20,4,24,1.7000000000000002,1.7000000000000002,1.8000000000000003,18,8,417,494,24,390,39,9,14,0,14,15,0,11,12,0,0,0,94,10,4
2020-10-03,Everton_vs_Brighton_&_Hove_Albion,Brighton & Hove Albion,Everton,Goodison Park Liverpool,0,2,1,0,0,11,3,1,0,746,155,27,1,15,1.2000000000000002,1.2000000000000002,0.7000000000000001,14,2,540,641,40,536,75,14,19,0,16,13,2,16,18,0,0,0,101,4,10
2020-12-12,Everton_vs_Chelsea,Everton,Chelsea,"Goodison Park, Liverpool",2000,1,0,1,1,8,3,2,0,423,186,14,22,24,1.2000000000000002,0.4,0.5,16,2,187,286,18,211,18,14,22,0,14,12,4,8,4,1,0,0,82,22,20
2020-12-12,Everton_vs_Chelsea,Chelsea,Everton,"Goodison Park, Liverpool",2000,0,0,0,0,10,3,3,0,808,142,21,5,18,0.7,0.7,0.6,16,0,572,703,53,486,47,15,19,0,12,13,1,15,12,0,1,0,106,20,22
2020-11-28,Everton_vs_Leeds_United,Everton,Leeds United,Goodison Park Liverpool,0,0,0,0,0,17,9,1,0,554,108,14,19,30,1.4,1.4,1.5,31,0,329,427,27,368,40,14,19,0,10,17,2,5,7,0,0,0,82,17,15
2020-11-28,Everton_vs_Leeds_United,Leeds United,Everton,Goodison Park Liverpool,0,1,1,0,0,22,6,2,0,713,140,17,14,14,2.8,2.8,1.3,32,2,491,593,61,419,54,7,13,0,19,9,6,11,12,0,0,0,96,15,17
2020-10-17,Everton_vs_Liverpool,Everton,Liverpool,Goodison Park Liverpool,0,2,2,0,0,11,5,3,1,517,168,11,2,14,1.3000000000000003,1.3000000000000003,1.1,20,4,307,410,22,321,23,5,12,0,20,10,2,14,8,0,0,0,102,27,9
2020-10-17,Everton_vs_Liverpool,Liverpool,Everton,Goodison Park Liverpool,0,2,1,0,0,22,8,2,0,661,139,24,3,9,2.1,2.1,1.4000000000000001,32,2,442,551,54,440,58,11,22,0,11,19,3,16,15,0,0,0,112,9,27
2020-11-07,Everton_vs_Manchester_United,Everton,Manchester United,Goodison Park Liverpool,0,1,0,0,0,7,1,4,0,683,147,23,4,14,0.7000000000000001,0.7000000000000001,0.6,12,2,477,584,34,414,39,13,18,0,16,22,3,17,17,0,0,0,93,15,15
2020-11-07,Everton_vs_Manchester_United,Manchester United,Everton,Goodison Park Liverpool,0,3,3,0,0,13,5,2,0,601,141,19,11,19,1.5,1.5,1.3000000000000003,22,6,388,476,37,375,46,9,18,0,22,16,1,7,15,0,0,0,93,15,15
2020-09-19,Everton_vs_West_Bromwich_Albion,Everton,West Bromwich Albion,Goodison Park Liverpool,0,5,3,0,0,16,7,1,0,936,94,15,2,11,3.5000000000000004,3.5000000000000004,1.8000000000000003,23,7,742,842,48,618,57,8,15,0,12,11,2,13,14,0,0,0,98,15,10
2020-09-19,Everton_vs_West_Bromwich_Albion,West Bromwich Albion,Everton,Goodison Park Liverpool,0,2,1,0,0,6,4,0,1,449,105,19,6,18,0.30000000000000004,0.30000000000000004,0.2,10,3,257,333,16,246,22,5,7,0,12,11,1,5,9,0,0,0,78,10,15
2021-01-01,Everton_vs_West_Ham_United,Everton,West Ham United,Goodison Park Liverpool,0,0,0,0,0,10,2,2,0,723,96,15,9,19,0.30000000000000004,0.30000000000000004,0.2,12,0,515,629,39,481,66,10,15,0,14,8,2,12,7,0,0,0,104,15,22
2021-01-01,Everton_vs_West_Ham_United,West Ham United,Everton,Goodison Park Liverpool,0,1,0,0,0,11,5,0,0,550,123,16,15,20,1.4,1.4,0.4,16,1,323,426,24,301,37,10,18,0,9,14,0,13,12,0,0,0,99,22,15
2020-09-12,Fulham_vs_Arsenal,Fulham,Arsenal,Craven Cottage London,0,0,0,0,0,5,2,2,0,630,148,13,2,21,0.1,0.1,0.1,6,0,473,550,16,396,43,7,11,0,14,12,2,9,7,0,0,0,63,6,4
2020-09-12,Fulham_vs_Arsenal,Arsenal,Fulham,Craven Cottage London,0,3,2,0,0,13,5,2,0,748,128,12,5,12,1.9,1.9,1.0,22,4,595,671,33,523,47,11,19,0,13,14,2,14,9,0,0,0,63,4,6
2020-09-28,Fulham_vs_Aston_Villa,Fulham,Aston Villa,Craven Cottage London,0,0,0,0,0,16,2,6,0,706,92,11,8,16,0.6,0.6,0.6,26,0,484,580,45,495,54,16,27,0,20,18,0,32,5,0,0,0,99,22,18
2020-09-28,Fulham_vs_Aston_Villa,Aston Villa,Fulham,Craven Cottage London,0,3,3,0,0,12,5,3,0,461,126,20,3,27,1.7000000000000002,1.7000000000000002,1.5,19,5,228,330,25,241,16,10,12,0,18,20,3,8,11,0,0,0,87,18,22
2020-12-16,Fulham_vs_Brighton_&_Hove_Albion,Fulham,Brighton & Hove Albion,Craven Cottage London,0,0,0,0,0,9,4,1,0,604,147,21,22,17,0.8999999999999999,0.8999999999999999,0.5,15,0,342,470,26,362,25,7,13,0,16,11,1,1,13,0,0,0,124,17,18
2020-12-16,Fulham_vs_Brighton_&_Hove_Albion,Brighton & Hove Albion,Fulham,Craven Cottage London,0,0,0,0,0,9,3,0,0,649,147,15,14,15,0.5,0.5,0.30000000000000004,14,0,389,545,25,425,43,8,16,0,12,16,2,13,8,0,0,0,134,18,17
2021-01-16,Fulham_vs_Chelsea,Fulham,Chelsea,Craven Cottage London,0,0,0,0,0,10,2,2,1,511,126,18,6,21,0.9999999999999999,0.9999999999999999,0.7,13,0,274,372,31,276,30,8,15,0,12,13,1,6,12,0,0,0,94,18,12
2021-01-16,Fulham_vs_Chelsea,Chelsea,Fulham,Craven Cottage London,0,1,0,0,0,21,6,3,0,915,144,14,9,16,1.4,1.4,0.8999999999999999,36,2,687,795,44,618,82,8,12,0,13,13,3,22,10,0,0,0,94,12,18
2020-10-24,Fulham_vs_Crystal_Palace,Fulham,Crystal Palace,Craven Cottage London,0,1,1,0,0,16,3,0,1,778,140,24,10,11,1.2000000000000002,1.2000000000000002,0.7000000000000001,28,2,577,656,51,478,78,10,19,0,12,12,1,25,19,0,0,0,86,6,7
2020-10-24,Fulham_vs_Crystal_Palace,Crystal Palace,Fulham,Craven Cottage London,0,2,2,0,0,14,10,1,0,489,139,22,6,21,2.9000000000000004,2.9000000000000004,2.5,24,4,290,370,18,256,27,9,10,0,12,13,2,6,8,0,0,0,71,7,6
2020-11-22,Fulham_vs_Everton,Fulham,Everton,Craven Cottage London,0,2,2,0,1,13,6,2,0,770,121,14,6,20,1.2000000000000002,1.2000000000000002,1.2,26,4,540,643,44,504,78,17,25,0,17,10,2,13,8,1,0,0,105,12,16
2020-11-22,Fulham_vs_Everton,Everton,Fulham,Craven Cottage London,0,3,2,0,0,9,7,0,0,660,202,21,16,15,1.6,1.6,0.9,15,5,426,554,22,367,31,6,11,0,12,16,3,15,13,0,1,0,107,16,12
2020-12-13,Fulham_vs_Liverpool,Fulham,Liverpool,"Craven Cottage, London",2000,1,1,0,0,10,5,3,0,418,140,17,24,22,1.5999999999999999,1.5999999999999999,0.9,13,2,181,263,20,198,26,12,18,0,12,5,2,14,8,0,1,0,65,22,10
2020-12-13,Fulham_vs_Liverpool,Liverpool,Fulham,"Craven Cottage, London",2000,1,0,1,1,11,5,1,0,873,119,20,10,10,2.2,1.4,1.2,18,1,647,764,44,608,86,18,23,0,6,10,2,24,13,0,0,0,87,10,22
2021-01-20,Fulham_vs_Manchester_United,Fulham,Manchester United,Craven Cottage London,0,1,1,0,0,12,5,3,0,567,146,18,16,18,0.9,0.9,0.7,19,2,343,432,30,318,31,12,21,0,10,12,1,12,9,0,0,0,87,13,11
2021-01-20,Fulham_vs_Manchester_United,Manchester United,Fulham,Craven Cottage London,0,2,0,0,0,16,5,1,0,801,118,21,13,14,1.6,1.6,1.0999999999999999,26,3,583,690,45,538,78,11,20,0,12,10,2,19,13,0,0,0,82,11,13
2020-12-26,Fulham_vs_Southampton,Fulham,Southampton,Craven Cottage London,0,0,0,0,0,10,1,2,0,531,133,25,9,9,0.8,0.8,0.8,15,0,277,396,25,285,30,19,38,0,15,11,1,14,16,0,0,0,108,24,19
2020-12-26,Fulham_vs_Southampton,Southampton,Fulham,Craven Cottage London,0,0,0,0,0,3,2,0,0,572,169,28,17,17,0.1,0.1,0.1,3,0,319,445,24,322,29,9,19,0,12,13,4,4,7,0,0,0,112,19,24
2020-11-02,Fulham_vs_West_Bromwich_Albion,Fulham,West Bromwich Albion,Craven Cottage London,0,2,2,0,0,13,4,3,0,582,150,23,9,24,1.6,1.6,0.7,17,4,337,453,28,332,45,19,23,0,15,14,1,16,13,0,0,0,100,17,21
2020-11-02,Fulham_vs_West_Bromwich_Albion,West Bromwich Albion,Fulham,Craven Cottage London,0,0,0,0,0,10,1,2,0,644,187,26,1,17,0.4,0.4,0.4,15,0,406,519,37,369,36,9,16,0,15,14,4,12,9,0,0,0,123,21,17
2020-11-22,Leeds_United_vs_Arsenal,Leeds United,Arsenal,Elland Road Leeds,0,0,0,0,0,25,4,3,0,745,142,18,17,10,2.6000000000000005,2.6000000000000005,1.8,37,0,540,648,59,515,63,3,6,0,14,10,0,21,9,0,0,0,94,14,12
2020-11-22,Leeds_United_vs_Arsenal,Arsenal,Leeds United,Elland Road Leeds,0,0,0,0,0,9,2,0,1,440,91,7,9,20,0.8,0.8,0.8,15,0,238,345,22,252,34,14,16,0,10,14,2,8,5,0,0,0,90,12,14
2021-01-16,Leeds_United_vs_Brighton_&_Hove_Albion,Leeds United,Brighton & Hove Albion,Elland Road Leeds,0,0,0,0,0,7,2,1,0,719,142,13,9,11,0.30000000000000004,0.30000000000000004,0.1,4,0,504,627,42,513,52,13,16,0,9,11,3,19,6,0,0,0,101,12,13
2021-01-16,Leeds_United_vs_Brighton_&_Hove_Albion,Brighton & Hove Albion,Leeds United,Elland Road Leeds,0,1,1,0,0,7,2,1,0,436,153,9,11,16,1.4000000000000001,1.4000000000000001,1.3,11,2,226,338,21,261,26,7,9,0,11,9,0,10,6,0,0,0,86,13,12
2020-12-27,Leeds_United_vs_Burnley,Leeds United,Burnley,Elland Road Leeds,0,1,0,1,1,10,3,0,0,582,133,17,8,20,1.8000000000000003,1.0,0.8999999999999999,14,2,341,469,28,312,31,5,9,0,12,15,3,9,7,1,0,0,105,15,18
2020-12-27,Leeds_United_vs_Burnley,Burnley,Leeds United,Elland Road Leeds,0,0,0,0,0,14,6,3,0,533,68,10,5,23,1.0999999999999999,1.0999999999999999,0.8999999999999999,21,0,283,418,42,269,25,7,11,0,15,12,3,13,4,0,1,0,126,18,15
2020-09-19,Leeds_United_vs_Fulham,Leeds United,Fulham,Elland Road Leeds,0,4,2,1,1,9,6,1,0,595,195,27,3,12,1.8000000000000003,1.0,0.7999999999999999,14,6,356,488,25,303,27,7,11,0,15,18,3,13,19,1,1,0,111,17,14
2020-09-19,Leeds_United_vs_Fulham,Fulham,Leeds United,Elland Road Leeds,0,3,2,1,1,13,5,2,0,609,164,24,12,29,1.6,0.9,0.9,21,6,369,472,29,406,41,16,22,0,18,14,0,11,18,1,1,0,112,14,17
2020-11-02,Leeds_United_vs_Leicester_City,Leeds United,Leicester City,Elland Road Leeds,0,1,1,0,0,11,5,1,0,794,116,23,4,8,0.8999999999999999,0.8999999999999999,0.8,16,2,581,692,53,618,71,9,15,0,10,10,2,12,18,0,1,0,106,14,6
2020-11-02,Leeds_United_vs_Leicester_City,Leicester City,Leeds United,Elland Road Leeds,0,4,2,1,1,9,7,1,0,452,133,22,16,14,3.6,2.9,2.1,15,7,238,334,19,246,28,7,16,0,10,9,0,7,13,1,0,0,85,6,14
2020-10-03,Leeds_United_vs_Manchester_City,Leeds United,Manchester City,Elland Road Leeds,0,1,0,0,0,12,7,2,0,582,221,32,4,24,1.7000000000000002,1.7000000000000002,1.1,20,1,375,465,30,370,31,13,20,0,16,15,2,10,21,0,0,0,67,5,17
2020-10-03,Leeds_United_vs_Manchester_City,Manchester City,Leeds United,Elland Road Leeds,0,1,1,0,0,23,1,1,0,558,93,14,5,12,1.5,1.5,1.2,43,2,352,437,40,376,57,28,47,0,15,16,3,8,13,0,0,0,86,17,5
2020-12-16,Leeds_United_vs_Newcastle_United,Leeds United,Newcastle United,Elland Road Leeds,0,5,4,0,0,25,9,3,0,698,180,21,17,6,2.9000000000000004,2.9000000000000004,1.9000000000000001,41,8,471,590,56,403,75,10,15,0,12,14,4,21,15,0,0,0,101,23,18
2020-12-16,Leeds_United_vs_Newcastle_United,Newcastle United,Leeds United,Elland Road Leeds,0,2,2,0,0,9,4,1,0,411,182,12,9,29,0.8,0.8,0.5,16,2,186,281,20,192,19,21,31,0,15,12,2,11,7,0,0,0,67,18,23
2020-12-11,Leeds_United_vs_West_Ham_United,Leeds United,West Ham United,Elland Road Leeds,0,1,0,1,1,12,6,1,0,703,202,20,17,17,1.8,1.0,0.7999999999999999,21,2,486,586,42,403,53,9,12,0,18,9,2,18,7,1,0,0,77,21,20
2020-12-11,Leeds_United_vs_West_Ham_United,West Ham United,Leeds United,Elland Road Leeds,0,2,2,0,0,19,7,2,0,459,98,9,14,18,1.8000000000000003,1.8000000000000003,1.4000000000000001,27,3,238,334,28,224,33,8,16,0,10,18,0,11,4,0,1,0,82,20,21
2020-10-19,Leeds_United_vs_Wolverhampton_Wanderers,Leeds United,Wolverhampton Wanderers,Elland Road Leeds,0,0,0,0,0,13,2,2,0,702,124,16,9,10,1.6,1.6,1.3,20,0,494,611,58,522,49,9,15,0,15,11,1,23,9,0,0,0,103,8,17
2020-10-19,Leeds_United_vs_Wolverhampton_Wanderers,Wolverhampton Wanderers,Leeds United,Elland Road Leeds,0,1,1,0,0,7,3,1,0,425,68,16,15,14,0.5,0.5,0.5,12,2,206,308,14,235,24,17,29,0,13,15,2,5,11,0,0,0,70,17,8
2020-10-18,Leicester_City_vs_Aston_Villa,Leicester City,Aston Villa,King Power Stadium Leicester,0,0,0,0,0,11,5,4,0,563,156,19,11,16,0.6000000000000001,0.6000000000000001,0.30000000000000004,18,0,339,453,29,336,44,8,22,0,22,19,2,9,10,0,0,0,106,19,17
2020-10-18,Leicester_City_vs_Aston_Villa,Aston Villa,Leicester City,King Power Stadium Leicester,0,1,1,0,0,10,4,3,0,546,155,18,5,21,0.7,0.7,0.5,15,2,328,449,37,353,35,20,23,0,19,21,3,16,10,0,0,0,108,17,19
2020-12-13,Leicester_City_vs_Brighton_&_Hove_Albion,Leicester City,Brighton & Hove Albion,King Power Stadium Leicester,0,3,3,0,0,16,6,2,0,672,143,12,13,14,1.7000000000000002,1.7000000000000002,1.0,24,4,481,564,35,419,46,7,13,0,13,14,4,18,6,0,0,0,77,18,8
2020-12-13,Leicester_City_vs_Brighton_&_Hove_Albion,Brighton & Hove Albion,Leicester City,King Power Stadium Leicester,0,0,0,0,0,12,4,1,0,575,86,21,15,18,1.1,1.1,1.0,17,0,374,467,26,360,39,12,16,0,14,12,1,14,8,0,0,0,79,8,18
2020-09-20,Leicester_City_vs_Burnley,Leicester City,Burnley,King Power Stadium Leicester,0,3,2,0,0,12,6,1,0,738,156,15,8,12,1.3,1.3,0.7,24,8,529,638,45,519,51,6,12,0,12,18,0,21,10,0,0,0,94,13,33
2020-09-20,Leicester_City_vs_Burnley,Burnley,Leicester City,King Power Stadium Leicester,0,2,1,0,0,17,5,2,0,447,176,16,4,22,2.0,2.0,1.7,30,4,231,327,19,205,21,10,15,0,18,12,1,8,7,0,0,1,88,33,13
2021-01-19,Leicester_City_vs_Chelsea,Leicester City,Chelsea,King Power Stadium Leicester,0,2,2,0,0,8,6,1,0,485,118,20,8,17,1.2,1.2,1.2000000000000002,15,3,294,377,23,278,26,4,17,0,12,19,1,10,12,0,0,0,76,11,10
2021-01-19,Leicester_City_vs_Chelsea,Chelsea,Leicester City,King Power Stadium Leicester,0,0,0,0,0,9,5,3,0,767,130,29,10,12,0.8,0.8,0.6,16,0,572,654,35,517,56,9,18,0,20,12,3,13,22,0,0,0,69,10,11
2020-12-16,Leicester_City_vs_Everton,Leicester City,Everton,King Power Stadium Leicester,0,0,0,0,0,14,2,2,0,689,89,21,16,13,0.7,0.7,0.7,22,0,487,585,33,517,49,13,17,0,16,10,2,10,9,0,0,0,83,15,20
2020-12-16,Leicester_City_vs_Everton,Everton,Leicester City,King Power Stadium Leicester,0,2,1,0,0,11,6,3,0,484,147,12,10,20,1.4,1.4,0.5,16,3,277,370,18,304,23,9,14,0,10,15,2,5,10,0,0,0,85,20,15
2020-11-30,Leicester_City_vs_Fulham,Leicester City,Fulham,King Power Stadium Leicester,0,1,1,0,0,17,4,0,0,795,86,15,7,16,0.8999999999999999,0.8999999999999999,0.4,23,1,582,680,39,541,56,6,13,0,9,22,0,14,12,0,1,0,97,13,8
2020-11-30,Leicester_City_vs_Fulham,Fulham,Leicester City,King Power Stadium Leicester,0,2,1,1,1,9,4,2,0,462,137,20,17,17,1.8,1.0999999999999999,1.0,19,4,253,344,17,234,19,11,17,0,23,9,0,5,13,1,0,0,62,8,13
2020-12-26,Leicester_City_vs_Manchester_United,Leicester City,Manchester United,King Power Stadium Leicester,0,1,1,0,0,10,1,2,0,656,136,21,9,16,1.3000000000000003,1.3000000000000003,0.5,12,2,427,544,25,407,41,7,13,0,14,19,1,16,15,0,0,0,108,12,8
2020-12-26,Leicester_City_vs_Manchester_United,Manchester United,Leicester City,King Power Stadium Leicester,0,2,2,0,0,9,4,1,0,580,197,18,7,19,2.2,2.2,2.1999999999999997,17,4,369,467,33,353,45,9,18,0,20,14,4,5,10,0,0,1,91,8,12
2021-01-16,Leicester_City_vs_Southampton,Leicester City,Southampton,King Power Stadium Leicester,0,2,2,0,0,16,4,2,0,604,198,24,8,12,2.0000000000000004,2.0000000000000004,2.1,27,4,350,466,39,371,43,15,24,0,11,15,5,16,18,0,0,0,115,24,20
2021-01-16,Leicester_City_vs_Southampton,Southampton,Leicester City,King Power Stadium Leicester,0,0,0,0,0,9,3,2,0,657,178,21,11,17,0.7999999999999999,0.7999999999999999,0.5,15,0,405,534,33,354,36,15,21,0,16,10,1,7,17,0,0,0,111,20,24
2020-10-04,Leicester_City_vs_West_Ham_United,Leicester City,West Ham United,King Power Stadium Leicester,0,0,0,0,0,4,0,2,0,809,156,11,7,15,0.4,0.4,0.3,4,0,598,722,46,607,70,14,23,0,12,13,4,12,6,0,0,0,111,14,23
2020-10-04,Leicester_City_vs_West_Ham_United,West Ham United,Leicester City,King Power Stadium Leicester,0,3,3,0,0,13,6,2,0,440,175,13,5,18,1.5,1.5,1.5,24,6,229,328,17,253,23,4,6,0,13,12,2,6,4,0,0,0,102,23,14
2020-11-08,Leicester_City_vs_Wolverhampton_Wanderers,Leicester City,Wolverhampton Wanderers,King Power Stadium Leicester,0,1,0,1,2,8,1,2,0,643,153,21,1,16,1.7000000000000002,0.2,0.2,16,2,430,537,31,421,44,9,12,0,15,9,0,11,10,1,0,0,100,13,16
2020-11-08,Leicester_City_vs_Wolverhampton_Wanderers,Wolverhampton Wanderers,Leicester City,King Power Stadium Leicester,0,0,0,0,0,7,2,3,0,648,144,15,10,12,0.5,0.5,0.30000000000000004,12,0,432,537,26,394,61,6,12,0,10,14,1,18,7,0,2,0,92,16,13
2020-09-28,Liverpool_vs_Arsenal,Liverpool,Arsenal,Anfield Liverpool,0,3,1,0,0,21,9,2,0,913,139,12,7,10,3.0000000000000004,3.0000000000000004,1.3,32,3,704,806,56,653,54,6,9,0,13,10,0,15,9,0,0,0,103,5,14
2020-09-28,Liverpool_vs_Arsenal,Arsenal,Liverpool,Anfield Liverpool,0,1,0,0,0,4,3,2,0,522,183,20,10,23,1.2,1.2,0.8,6,0,299,402,9,277,26,3,7,0,11,13,5,5,13,0,0,0,80,14,5
2021-01-21,Liverpool_vs_Burnley,Liverpool,Burnley,Anfield Liverpool,0,0,0,0,0,27,6,2,0,819,126,6,6,6,2.2,2.2,1.4999999999999998,42,0,604,736,64,589,97,4,6,0,11,9,1,31,4,0,1,0,102,15,24
2021-01-21,Liverpool_vs_Burnley,Burnley,Liverpool,Anfield Liverpool,0,1,0,1,1,5,3,1,0,425,69,8,8,27,1.4000000000000001,0.6000000000000001,0.7,10,2,182,280,21,207,18,2,5,0,10,10,6,5,4,1,0,0,79,24,15
2020-09-12,Liverpool_vs_Leeds_United,Liverpool,Leeds United,Anfield Liverpool,0,4,1,2,2,20,4,1,0,623,174,13,7,14,3.3,1.8,1.4000000000000001,28,3,366,486,58,354,47,22,34,0,9,7,2,11,7,1,0,0,131,17,11
2020-09-12,Liverpool_vs_Leeds_United,Leeds United,Liverpool,Anfield Liverpool,0,3,2,0,0,6,3,0,0,649,209,32,7,30,0.4,0.4,0.30000000000000004,6,4,373,493,21,314,25,10,13,0,8,9,5,8,18,0,2,0,100,11,17
2020-11-22,Liverpool_vs_Leicester_City,Liverpool,Leicester City,Anfield Liverpool,0,2,2,0,0,24,12,0,0,721,144,11,16,17,3.7,3.7,3.2,40,4,516,615,39,543,55,11,16,0,20,8,2,12,8,0,0,0,90,16,22
2020-11-22,Liverpool_vs_Leicester_City,Leicester City,Liverpool,Anfield Liverpool,0,0,0,0,0,11,4,2,0,578,154,11,15,18,1.2000000000000002,1.2000000000000002,0.8999999999999999,18,0,367,478,38,320,30,13,17,0,8,19,1,11,7,0,0,1,77,22,16
2021-01-17,Liverpool_vs_Manchester_United,Liverpool,Manchester United,Anfield Liverpool,0,0,0,0,0,16,3,2,0,809,147,15,10,18,1.5000000000000002,1.5000000000000002,0.9,25,0,582,693,57,598,66,14,20,0,15,9,1,14,7,0,0,0,105,6,17
2021-01-17,Liverpool_vs_Manchester_United,Manchester United,Liverpool,Anfield Liverpool,0,0,0,0,0,8,4,1,0,510,158,17,11,25,0.9,0.9,0.5,15,0,268,365,20,282,21,11,14,0,10,15,8,6,11,0,0,0,71,17,6
2020-10-24,Liverpool_vs_Sheffield_United,Liverpool,Sheffield United,Anfield Liverpool,0,2,1,0,0,17,5,0,0,836,104,11,3,21,2.5,2.5,1.7000000000000002,26,3,589,697,62,553,54,9,18,0,8,21,2,11,9,0,1,0,115,19,40
2020-10-24,Liverpool_vs_Sheffield_United,Sheffield United,Liverpool,Anfield Liverpool,0,1,0,1,1,12,1,3,0,571,191,28,3,24,1.4000000000000004,0.6,0.6,21,1,326,440,35,279,30,8,10,0,22,7,0,13,16,1,0,0,107,40,19
2020-12-16,Liverpool_vs_Tottenham_Hotspur,Liverpool,Tottenham Hotspur,"Anfield, Liverpool",2000,2,1,0,0,17,11,0,0,959,94,15,3,11,1.2,1.2,0.9999999999999999,27,1,734,845,65,710,95,12,23,0,9,10,2,25,8,0,0,0,126,18,21
2020-12-16,Liverpool_vs_Tottenham_Hotspur,Tottenham Hotspur,Liverpool,"Anfield, Liverpool",2000,1,1,0,0,8,3,2,0,405,186,33,7,17,1.2999999999999998,1.2999999999999998,1.1,11,2,167,276,15,180,12,4,11,0,11,8,0,4,17,0,0,0,87,21,18
2020-12-27,Liverpool_vs_West_Bromwich_Albion,Liverpool,West Bromwich Albion,"Anfield, Liverpool",2000,1,1,0,0,17,2,0,0,941,58,12,3,17,1.7000000000000002,1.7000000000000002,1.5,26,2,725,834,74,625,100,9,18,0,9,6,1,25,10,0,0,0,110,22,13
2020-12-27,Liverpool_vs_West_Bromwich_Albion,West Bromwich Albion,Liverpool,"Anfield, Liverpool",2000,1,1,0,0,5,3,1,0,371,92,15,15,21,0.5,0.5,0.5,7,2,142,256,15,164,16,4,11,0,7,9,5,10,12,0,0,0,81,13,22
2020-10-31,Liverpool_vs_West_Ham_United,Liverpool,West Ham United,Anfield Liverpool,0,2,1,1,1,8,2,0,0,949,90,11,1,8,1.8000000000000003,1.0,1.0,18,4,759,866,60,684,73,13,20,0,16,15,1,10,9,1,0,0,107,20,19
2020-10-31,Liverpool_vs_West_Ham_United,West Ham United,Liverpool,Anfield Liverpool,0,1,0,0,0,4,3,1,0,435,137,18,9,19,0.4,0.4,0.30000000000000004,6,0,226,323,12,223,29,8,13,0,15,16,0,14,7,0,1,0,84,19,20
2020-12-06,Liverpool_vs_Wolverhampton_Wanderers,Liverpool,Wolverhampton Wanderers,"Anfield, Liverpool",2000,3,2,0,0,11,6,1,0,744,117,12,9,10,1.2,1.2,0.8,21,5,583,664,41,500,46,11,21,0,8,14,1,14,8,0,0,0,78,7,13
2020-12-06,Liverpool_vs_Wolverhampton_Wanderers,Wolverhampton Wanderers,Liverpool,"Anfield, Liverpool",2000,0,0,0,0,9,3,1,0,511,94,10,11,14,0.4,0.4,0.4,12,0,346,434,17,302,34,7,15,0,16,8,3,16,7,0,0,1,63,13,7
2020-10-17,Manchester_City_vs_Arsenal,Manchester City,Arsenal,Etihad Stadium Manchester,0,1,0,0,0,13,5,4,0,781,134,18,5,8,1.4999999999999998,1.4999999999999998,1.0,23,1,606,688,32,547,68,13,18,0,17,14,0,7,10,0,0,0,82,17,13
2020-10-17,Manchester_City_vs_Arsenal,Arsenal,Manchester City,Etihad Stadium Manchester,0,0,0,0,0,11,3,1,0,580,104,22,3,17,0.8,0.8,0.5,16,0,400,473,18,379,37,7,18,0,14,16,2,7,16,0,0,0,72,13,17
2021-01-20,Manchester_City_vs_Aston_Villa,Manchester City,Aston Villa,Etihad Stadium Manchester,0,2,1,1,1,27,8,0,0,761,116,18,7,14,4.6000000000000005,3.8000000000000003,2.2,46,3,564,656,53,498,81,19,24,0,11,11,3,20,14,0,0,0,86,24,13
2021-01-20,Manchester_City_vs_Aston_Villa,Aston Villa,Manchester City,Etihad Stadium Manchester,0,0,0,0,0,11,4,2,0,425,115,15,11,21,0.7000000000000001,0.7000000000000001,0.5,15,0,223,305,18,235,24,13,17,0,12,11,1,7,9,0,1,0,71,13,24
2021-01-13,Manchester_City_vs_Brighton_&_Hove_Albion,Manchester City,Brighton & Hove Albion,Etihad Stadium Manchester,0,1,1,0,1,15,6,0,0,865,123,16,10,18,2.8000000000000003,2.0000000000000004,1.7000000000000002,22,2,666,754,34,596,77,10,28,0,5,13,2,14,12,1,0,0,95,12,12
2021-01-13,Manchester_City_vs_Brighton_&_Hove_Albion,Brighton & Hove Albion,Manchester City,Etihad Stadium Manchester,0,0,0,0,0,5,1,2,0,504,169,21,6,20,0.30000000000000004,0.30000000000000004,0.30000000000000004,8,0,313,402,26,297,30,8,12,0,14,5,2,6,13,0,1,0,71,12,12
2020-11-28,Manchester_City_vs_Burnley,Manchester City,Burnley,Etihad Stadium Manchester,0,5,5,0,0,19,7,0,0,847,98,8,4,15,2.8000000000000003,2.8000000000000003,2.6,35,10,660,742,54,601,68,11,25,0,13,5,2,15,5,0,0,0,92,21,13
2020-11-28,Manchester_City_vs_Burnley,Burnley,Manchester City,Etihad Stadium Manchester,0,0,0,0,0,9,1,0,0,443,70,17,12,22,0.4,0.4,0.2,14,0,251,353,11,244,23,10,16,0,5,13,2,10,11,0,0,0,71,13,21
2021-01-17,Manchester_City_vs_Crystal_Palace,Manchester City,Crystal Palace,Etihad Stadium Manchester,0,4,1,0,0,13,6,0,0,900,144,17,9,13,1.0,1.0,0.6000000000000001,21,6,711,801,48,648,106,6,17,0,11,7,0,11,9,0,0,0,88,13,9
2021-01-17,Manchester_City_vs_Crystal_Palace,Crystal Palace,Manchester City,Etihad Stadium Manchester,0,0,0,0,0,2,0,0,0,426,153,17,9,18,0.0,0.0,0.0,3,0,227,316,8,224,14,4,13,0,9,9,0,6,8,0,0,0,74,9,13
2020-12-05,Manchester_City_vs_Fulham,Manchester City,Fulham,Etihad Stadium Manchester,0,2,1,1,1,15,5,0,0,914,134,21,10,10,2.8000000000000003,2.1,1.8000000000000003,23,4,731,822,45,629,88,10,18,0,10,8,1,12,15,1,0,0,82,10,10
2020-12-05,Manchester_City_vs_Fulham,Fulham,Manchester City,Etihad Stadium Manchester,0,0,0,0,0,6,1,0,0,489,128,18,14,17,0.2,0.2,0.2,8,0,292,375,16,293,30,18,21,0,10,10,1,4,11,0,1,0,75,10,10
2020-09-27,Manchester_City_vs_Leicester_City,Manchester City,Leicester City,Etihad Stadium Manchester,0,2,1,0,0,16,5,1,0,816,106,14,7,2,0.7999999999999999,0.7999999999999999,0.6000000000000001,20,2,632,725,52,555,111,11,16,0,13,11,2,16,8,0,3,0,96,15,17
2020-09-27,Manchester_City_vs_Leicester_City,Leicester City,Manchester City,Etihad Stadium Manchester,0,5,2,3,3,4,4,3,0,397,151,20,6,24,2.5,0.2,0.2,14,10,206,288,15,197,15,8,12,0,11,12,3,4,12,3,0,0,69,17,15
2020-11-08,Manchester_City_vs_Liverpool,Manchester City,Liverpool,Etihad Stadium Manchester,0,1,1,0,1,6,2,3,0,675,115,12,7,13,1.6,0.7999999999999999,0.8,12,2,496,582,33,509,42,6,15,0,21,10,2,10,6,0,1,0,74,8,4
2020-11-08,Manchester_City_vs_Liverpool,Liverpool,Manchester City,Etihad Stadium Manchester,0,1,0,1,1,9,2,1,0,585,145,14,3,16,1.5000000000000002,0.7,0.2,12,2,398,496,31,352,37,11,15,0,11,20,5,10,10,1,1,0,77,4,8
2020-12-26,Manchester_City_vs_Newcastle_United,Manchester City,Newcastle United,Etihad Stadium Manchester,0,2,1,0,0,11,6,2,0,969,94,10,4,12,1.7000000000000002,1.7000000000000002,1.2000000000000002,17,2,795,887,49,756,90,12,18,0,6,14,1,10,7,0,0,0,89,11,17
2020-12-26,Manchester_City_vs_Newcastle_United,Newcastle United,Manchester City,Etihad Stadium Manchester,0,0,0,0,0,8,2,2,0,399,200,11,12,16,0.2,0.2,0.1,10,0,217,297,15,231,17,5,10,0,14,6,3,11,6,0,0,0,68,17,11
2020-12-15,Manchester_City_vs_West_Bromwich_Albion,Manchester City,West Bromwich Albion,Etihad Stadium Manchester,0,1,1,0,0,26,7,2,0,905,90,14,12,9,1.9000000000000001,1.9000000000000001,1.5,46,2,701,800,49,635,114,8,15,0,5,11,3,14,5,0,0,1,97,18,18
2020-12-15,Manchester_City_vs_West_Bromwich_Albion,West Bromwich Albion,Manchester City,Etihad Stadium Manchester,0,0,0,0,0,5,1,3,0,357,142,14,15,22,0.30000000000000004,0.30000000000000004,0.0,7,1,149,241,10,147,9,9,15,0,11,5,2,4,7,0,0,0,73,18,18
2020-11-01,Manchester_United_vs_Arsenal,Manchester United,Arsenal,Old Trafford Manchester,0,0,0,0,0,9,2,3,0,704,111,17,3,16,0.2,0.2,0.2,18,0,502,602,29,519,46,4,12,0,16,14,4,13,11,0,1,0,93,14,11
2020-11-01,Manchester_United_vs_Arsenal,Arsenal,Manchester United,Old Trafford Manchester,0,1,0,1,1,6,1,3,0,640,117,20,9,14,1.1,0.30000000000000004,0.30000000000000004,13,2,446,528,32,454,54,6,12,0,15,15,0,10,10,1,0,0,76,11,14
2021-01-01,Manchester_United_vs_Aston_Villa,Manchester United,Aston Villa,Old Trafford Manchester,0,2,1,1,1,18,8,4,0,559,120,13,39,11,2.0,1.2000000000000002,0.9,31,4,348,424,44,351,57,9,16,0,28,12,1,17,6,1,0,0,66,21,18
2021-01-01,Manchester_United_vs_Aston_Villa,Aston Villa,Manchester United,Old Trafford Manchester,0,1,1,0,0,15,5,0,0,578,139,18,6,15,1.6,1.6,1.3,27,2,369,469,39,342,33,9,13,0,13,28,1,15,14,0,1,0,85,18,21
2020-10-24,Manchester_United_vs_Chelsea,Manchester United,Chelsea,Old Trafford Manchester,0,0,0,0,0,14,4,3,0,745,124,16,16,26,0.6,0.6,0.6,22,0,518,622,33,458,53,11,18,0,9,7,2,13,11,0,0,0,92,10,8
2020-10-24,Manchester_United_vs_Chelsea,Chelsea,Manchester United,Old Trafford Manchester,0,0,0,0,0,6,1,1,0,738,146,23,10,25,0.1,0.1,0.1,8,0,501,614,26,414,41,9,19,0,7,8,0,11,11,0,0,0,104,8,10
2020-09-19,Manchester_United_vs_Crystal_Palace,Manchester United,Crystal Palace,Old Trafford Manchester,0,1,0,0,0,17,4,2,0,873,126,19,4,21,1.2000000000000002,1.2000000000000002,0.5,27,0,634,751,55,594,82,11,18,0,14,10,1,16,13,0,1,0,118,14,18
2020-09-19,Manchester_United_vs_Crystal_Palace,Crystal Palace,Manchester United,Old Trafford Manchester,0,3,1,1,1,13,4,1,0,408,214,27,17,36,1.6,0.8,0.8,20,3,155,245,15,186,25,12,16,0,10,13,2,7,16,0,0,0,90,18,14
2020-12-20,Manchester_United_vs_Leeds_United,Manchester United,Leeds United,Old Trafford Manchester,0,6,4,1,1,24,13,1,0,495,72,15,16,25,3.8,3.1,1.9000000000000001,38,9,273,362,33,290,46,17,22,0,8,9,2,3,6,1,0,0,82,12,17
2020-12-20,Manchester_United_vs_Leeds_United,Leeds United,Manchester United,Old Trafford Manchester,0,2,2,0,0,18,5,0,0,639,147,12,11,19,1.8000000000000003,1.8000000000000003,1.3,23,3,417,518,41,428,41,4,10,0,9,7,4,17,5,0,1,0,85,17,12
2020-12-12,Manchester_United_vs_Manchester_City,Manchester United,Manchester City,Old Trafford Manchester,0,0,0,0,0,11,2,1,0,614,142,24,8,12,0.8,0.8,0.9,21,0,440,524,30,439,23,10,15,0,16,10,2,3,17,0,0,0,60,13,7
2020-12-12,Manchester_United_vs_Manchester_City,Manchester City,Manchester United,Old Trafford Manchester,0,0,0,0,0,9,2,1,0,695,144,7,11,9,1.2999999999999998,1.2999999999999998,1.0,15,0,530,614,45,478,53,16,25,0,10,15,2,7,5,0,0,0,82,7,13
2020-10-04,Manchester_United_vs_Tottenham_Hotspur,Manchester United,Tottenham Hotspur,Old Trafford Manchester,0,1,0,1,1,4,1,2,1,530,137,15,3,23,1.0,0.2,0.1,8,2,353,427,26,339,37,15,24,0,16,17,1,7,9,1,1,0,73,11,9
2020-10-04,Manchester_United_vs_Tottenham_Hotspur,Tottenham Hotspur,Manchester United,Old Trafford Manchester,0,6,4,1,1,21,7,1,0,811,164,23,9,16,3.8000000000000003,3.1,2.0000000000000004,40,11,625,694,44,580,51,10,15,0,17,15,0,7,12,1,1,0,78,9,11
2020-11-21,Manchester_United_vs_West_Bromwich_Albion,Manchester United,West Bromwich Albion,Old Trafford Manchester,0,1,0,1,1,16,6,1,0,794,120,11,9,12,2.5000000000000004,1.8,1.4000000000000001,25,1,572,683,49,490,80,15,19,0,15,18,1,11,6,0,0,0,111,18,3
2020-11-21,Manchester_United_vs_West_Bromwich_Albion,West Bromwich Albion,Manchester United,Old Trafford Manchester,0,0,0,0,0,7,2,1,0,535,166,21,15,25,0.6,0.6,0.7,14,0,316,420,25,362,33,14,20,0,19,15,2,4,14,0,1,0,86,3,18
2020-12-29,Manchester_United_vs_Wolverhampton_Wanderers,Manchester United,Wolverhampton Wanderers,Old Trafford Manchester,0,1,1,0,0,11,3,1,0,740,141,20,9,15,1.4,1.4,1.0999999999999999,18,2,546,639,61,506,73,12,27,0,13,14,4,19,15,0,0,0,98,14,9
2020-12-29,Manchester_United_vs_Wolverhampton_Wanderers,Wolverhampton Wanderers,Manchester United,Old Trafford Manchester,0,0,0,0,0,9,5,1,0,576,125,19,10,13,0.30000000000000004,0.30000000000000004,0.30000000000000004,15,0,376,464,22,326,42,9,15,0,14,13,2,10,10,0,0,0,76,9,14
2020-09-20,Newcastle_United_vs_Brighton_&_Hove_Albion,Newcastle United,Brighton & Hove Albion,St. James' Park Newcastle upon Tyne,0,0,0,0,0,6,0,3,0,493,178,12,7,10,0.5,0.5,0.5,8,0,308,417,23,315,23,3,6,0,18,16,1,13,7,0,1,0,72,18,15
2020-09-20,Newcastle_United_vs_Brighton_&_Hove_Albion,Brighton & Hove Albion,Newcastle United,St. James' Park Newcastle upon Tyne,0,3,2,1,1,12,5,0,1,575,86,8,6,15,1.5000000000000002,0.8,0.6,18,6,383,480,29,359,38,4,6,0,15,17,3,9,7,1,0,0,92,15,18
2020-10-03,Newcastle_United_vs_Burnley,Newcastle United,Burnley,St. James' Park Newcastle upon Tyne,0,3,2,1,1,9,4,2,0,568,107,7,3,17,1.9000000000000001,1.2000000000000002,1.0,16,5,332,458,19,365,41,7,11,0,14,17,4,10,4,1,0,0,117,23,41
2020-10-03,Newcastle_United_vs_Burnley,Burnley,Newcastle United,St. James' Park Newcastle upon Tyne,0,1,0,0,0,10,3,3,0,585,136,15,6,10,0.6,0.6,0.4,15,0,362,502,35,336,30,3,5,0,17,14,5,13,12,0,1,0,113,41,23
2020-11-21,Newcastle_United_vs_Chelsea,Newcastle United,Chelsea,St. James' Park Newcastle upon Tyne,0,0,0,0,0,8,1,2,0,418,128,8,9,15,0.5,0.5,0.5,12,0,226,327,17,243,30,6,12,0,13,14,2,10,4,0,0,1,81,11,21
2020-11-21,Newcastle_United_vs_Chelsea,Chelsea,Newcastle United,St. James' Park Newcastle upon Tyne,0,1,1,0,0,14,3,0,0,872,115,13,5,18,1.6000000000000003,1.6000000000000003,1.7000000000000002,27,4,685,780,50,625,61,5,7,0,14,12,2,10,6,0,0,0,86,21,11
2020-11-01,Newcastle_United_vs_Everton,Newcastle United,Everton,St. James' Park Newcastle upon Tyne,0,2,0,1,1,9,3,2,0,511,111,18,2,19,2.4000000000000004,1.5999999999999999,0.6,16,3,308,399,15,269,23,9,10,0,10,13,1,4,7,1,0,0,73,2,13
2020-11-01,Newcastle_United_vs_Everton,Everton,Newcastle United,St. James' Park Newcastle upon Tyne,0,1,0,0,0,15,4,4,0,775,124,20,1,17,1.2,1.2,0.7,28,2,577,657,32,518,63,6,16,0,13,9,0,14,9,0,1,0,83,13,2
2020-12-19,Newcastle_United_vs_Fulham,Newcastle United,Fulham,St. James' Park Newcastle upon Tyne,0,1,0,1,1,10,4,1,0,594,134,21,11,14,1.3000000000000003,0.6,0.4,16,2,389,485,29,357,32,6,9,0,9,16,1,12,11,1,0,1,81,25,19
2020-12-19,Newcastle_United_vs_Fulham,Fulham,Newcastle United,St. James' Park Newcastle upon Tyne,0,0,0,0,0,13,3,3,1,620,95,13,18,13,0.7999999999999999,0.7999999999999999,0.7,23,2,411,514,28,455,36,19,29,0,16,9,1,14,8,0,0,0,84,19,25
2021-01-03,Newcastle_United_vs_Leicester_City,Newcastle United,Leicester City,St. James' Park Newcastle upon Tyne,0,1,0,0,0,8,2,0,0,521,146,19,15,12,0.2,0.2,0.1,9,0,288,431,16,270,23,6,10,0,15,13,3,10,12,0,0,0,102,21,17
2021-01-03,Newcastle_United_vs_Leicester_City,Leicester City,Newcastle United,St. James' Park Newcastle upon Tyne,0,2,2,0,0,9,3,2,0,652,91,13,15,24,0.9,0.9,0.8999999999999999,12,4,418,535,36,370,44,7,15,0,14,15,3,10,10,0,0,0,119,17,21
2020-12-30,Newcastle_United_vs_Liverpool,Newcastle United,Liverpool,St. James' Park Newcastle upon Tyne,0,0,0,0,0,8,2,2,0,417,114,16,7,19,0.2,0.2,0.30000000000000004,14,0,178,278,16,174,18,3,7,0,10,13,2,11,11,0,0,0,79,25,29
2020-12-30,Newcastle_United_vs_Liverpool,Liverpool,Newcastle United,St. James' Park Newcastle upon Tyne,0,0,0,0,0,11,4,3,0,849,87,11,5,17,0.8999999999999999,0.8999999999999999,0.9000000000000001,11,0,618,734,55,549,57,4,9,0,13,10,4,19,8,0,0,0,99,29,25
2020-10-17,Newcastle_United_vs_Manchester_United,Newcastle United,Manchester United,St. James' Park Newcastle upon Tyne,0,0,0,0,0,7,4,1,0,513,139,18,9,20,0.4,0.4,0.4,15,2,278,388,18,251,26,12,17,0,15,16,0,11,15,0,1,0,87,18,14
2020-10-17,Newcastle_United_vs_Manchester_United,Manchester United,Newcastle United,St. James' Park Newcastle upon Tyne,0,4,4,0,1,27,11,1,0,781,113,18,6,23,2.7,2.0,1.7000000000000002,44,8,555,660,49,479,77,10,17,0,16,14,2,10,12,1,0,1,114,14,18
2020-12-12,Newcastle_United_vs_West_Bromwich_Albion,Newcastle United,West Bromwich Albion,St. James' Park Newcastle upon Tyne,0,2,2,0,0,12,6,2,0,571,132,6,14,25,1.0,1.0,0.9999999999999999,17,4,355,444,29,308,31,9,18,0,12,15,3,11,4,0,0,0,82,18,22
2020-12-12,Newcastle_United_vs_West_Bromwich_Albion,West Bromwich Albion,Newcastle United,St. James' Park Newcastle upon Tyne,0,1,1,0,0,13,3,3,0,627,143,17,3,13,0.6,0.6,0.4,16,2,421,533,44,376,51,9,12,0,15,12,2,15,9,0,0,0,92,22,18
2020-12-26,Sheffield_United_vs_Everton,Sheffield United,Everton,Bramall Lane Sheffield Yorkshire,0,0,0,0,0,10,1,2,0,563,116,25,14,15,1.2000000000000002,1.2000000000000002,1.2000000000000002,13,0,327,442,28,318,32,6,11,0,15,13,0,9,11,0,0,0,100,20,21
2020-12-26,Sheffield_United_vs_Everton,Everton,Sheffield United,Bramall Lane Sheffield Yorkshire,0,1,1,0,0,7,3,4,0,692,71,19,8,17,0.6,0.6,0.6000000000000001,12,2,449,561,30,431,37,20,32,0,13,15,3,7,13,0,0,0,112,21,20
2020-10-18,Sheffield_United_vs_Fulham,Sheffield United,Fulham,Bramall Lane Sheffield Yorkshire,0,1,0,1,1,9,5,0,0,521,130,13,4,14,1.4,0.6,0.5,18,2,326,430,27,273,36,5,7,0,12,12,4,16,9,1,1,0,100,18,14
2020-10-18,Sheffield_United_vs_Fulham,Fulham,Sheffield United,Bramall Lane Sheffield Yorkshire,0,1,0,0,1,14,6,2,0,695,75,11,8,7,1.6,0.8999999999999999,0.9,27,2,508,591,30,444,44,11,16,0,12,11,0,13,6,0,1,0,84,14,18
2020-09-27,Sheffield_United_vs_Leeds_United,Sheffield United,Leeds United,Bramall Lane Sheffield Yorkshire,0,0,0,0,0,13,3,2,0,504,187,23,7,20,1.5,1.5,1.6,23,0,268,370,29,263,45,8,13,0,19,7,2,10,14,0,0,0,90,23,26
2020-09-27,Sheffield_United_vs_Leeds_United,Leeds United,Sheffield United,Bramall Lane Sheffield Yorkshire,0,1,1,0,0,18,9,1,0,748,148,14,5,21,1.7000000000000002,1.7000000000000002,1.5,33,2,511,628,45,475,52,7,11,0,7,17,1,15,13,0,0,0,114,26,23
2020-12-06,Sheffield_United_vs_Leicester_City,Sheffield United,Leicester City,Bramall Lane Sheffield Yorkshire,0,1,1,0,0,4,1,1,0,447,197,26,13,25,0.30000000000000004,0.30000000000000004,0.4,7,1,213,315,18,207,22,7,8,0,18,8,4,12,15,0,0,0,84,23,17
2020-12-06,Sheffield_United_vs_Leicester_City,Leicester City,Sheffield United,Bramall Lane Sheffield Yorkshire,0,2,1,0,0,13,4,3,0,827,143,18,9,8,1.5000000000000002,1.5000000000000002,0.7,20,3,597,717,38,563,64,20,28,0,9,18,4,19,13,0,0,0,126,17,23
2020-10-31,Sheffield_United_vs_Manchester_City,Sheffield United,Manchester City,Bramall Lane Sheffield Yorkshire,0,0,0,0,0,4,1,0,0,503,163,19,11,14,0.5,0.5,0.5,8,0,315,414,22,301,34,7,15,0,19,7,0,11,4,0,0,0,76,10,20
2020-10-31,Sheffield_United_vs_Manchester_City,Manchester City,Sheffield United,Bramall Lane Sheffield Yorkshire,0,1,1,0,0,16,8,0,0,841,101,12,5,11,1.5000000000000004,1.5000000000000004,1.4,26,2,651,744,48,625,69,16,30,0,7,18,2,10,7,0,0,0,89,20,10
2020-12-17,Sheffield_United_vs_Manchester_United,Sheffield United,Manchester United,Bramall Lane Sheffield Yorkshire,0,2,1,0,0,12,6,3,0,510,130,20,14,17,1.7000000000000002,1.7000000000000002,1.3000000000000003,19,1,286,403,31,289,31,6,9,0,22,9,2,11,13,0,0,0,92,19,22
2020-12-17,Sheffield_United_vs_Manchester_United,Manchester United,Sheffield United,Bramall Lane Sheffield Yorkshire,0,3,2,0,0,15,8,2,0,718,91,17,4,13,1.9000000000000004,1.9000000000000004,1.2,25,5,487,578,34,427,41,10,15,0,11,22,4,4,10,0,0,0,94,22,19
2021-01-12,Sheffield_United_vs_Newcastle_United,Sheffield United,Newcastle United,Bramall Lane Sheffield Yorkshire,0,1,0,1,1,16,3,2,0,710,106,10,6,13,1.9000000000000004,1.1,0.8,28,0,506,594,58,469,50,13,19,0,14,14,2,21,4,0,0,0,86,26,23
2021-01-12,Sheffield_United_vs_Newcastle_United,Newcastle United,Sheffield United,Bramall Lane Sheffield Yorkshire,0,0,0,0,0,7,3,5,1,433,98,17,5,19,0.6,0.6,0.2,10,0,216,313,14,197,16,6,13,1,14,14,2,8,11,0,1,0,73,23,26
2021-01-17,Sheffield_United_vs_Tottenham_Hotspur,Sheffield United,Tottenham Hotspur,Bramall Lane Sheffield Yorkshire,0,1,1,0,0,15,5,4,0,572,130,17,9,16,0.7,0.7,0.5,22,2,341,451,23,322,32,8,16,0,20,5,4,13,12,0,0,0,104,24,24
2021-01-17,Sheffield_United_vs_Tottenham_Hotspur,Tottenham Hotspur,Sheffield United,Bramall Lane Sheffield Yorkshire,0,3,3,0,0,14,5,0,0,713,117,14,4,18,1.3,1.3,0.7999999999999999,19,6,493,589,28,516,36,11,17,0,5,20,1,7,8,0,0,0,86,24,24
2020-11-22,Sheffield_United_vs_West_Ham_United,Sheffield United,West Ham United,Bramall Lane Sheffield Yorkshire,0,0,0,0,0,9,5,0,0,652,179,25,13,18,0.7,0.7,0.5,16,0,421,533,39,408,55,10,20,0,9,8,4,15,12,0,0,0,96,23,31
2020-11-22,Sheffield_United_vs_West_Ham_United,West Ham United,Sheffield United,Bramall Lane Sheffield Yorkshire,0,1,0,0,0,15,3,0,0,644,97,13,6,18,2.3000000000000003,2.3000000000000003,1.7000000000000002,26,1,423,525,40,384,41,12,17,0,9,8,2,9,8,0,0,0,97,31,23
2020-09-14,Sheffield_United_vs_Wolverhampton_Wanderers,Sheffield United,Wolverhampton Wanderers,Bramall Lane Sheffield Yorkshire,0,0,0,0,0,9,1,2,0,616,137,14,1,14,0.6,0.6,0.6000000000000001,16,0,409,535,43,392,43,7,13,0,17,8,5,17,7,0,0,0,108,35,32
2020-09-14,Sheffield_United_vs_Wolverhampton_Wanderers,Wolverhampton Wanderers,Sheffield United,Bramall Lane Sheffield Yorkshire,0,2,2,0,0,11,4,1,0,556,135,17,4,18,1.3,1.3,0.7,21,4,334,426,14,304,27,18,24,0,10,16,0,7,10,0,0,0,79,32,35
2020-10-25,Southampton_vs_Everton,Southampton,Everton,St. Mary's Stadium Southampton,0,2,2,0,0,12,6,1,0,752,108,20,8,12,0.8,0.8,0.7,20,4,559,637,35,507,53,13,25,0,14,12,1,11,13,0,0,0,86,6,9
2020-10-25,Southampton_vs_Everton,Everton,Southampton,St. Mary's Stadium Southampton,0,0,0,0,0,6,2,2,1,638,213,17,8,17,0.3,0.3,0.30000000000000004,10,0,446,532,35,399,32,11,16,0,11,13,1,13,13,0,0,0,83,9,6
2021-01-04,Southampton_vs_Liverpool,Southampton,Liverpool,St. Mary's Stadium Southampton,0,1,1,0,0,7,2,1,0,524,99,18,13,29,0.6,0.6,0.5,14,2,238,369,16,253,21,11,18,0,8,15,6,2,14,0,0,0,112,14,21
2021-01-04,Southampton_vs_Liverpool,Liverpool,Southampton,St. Mary's Stadium Southampton,0,0,0,0,0,17,1,3,0,842,86,14,7,16,1.0999999999999999,1.0999999999999999,0.6,22,0,584,737,63,522,48,13,17,0,15,6,1,28,10,0,0,0,147,21,14
2020-12-19,Southampton_vs_Manchester_City,Southampton,Manchester City,St. Mary's Stadium Southampton,0,0,0,0,0,9,3,2,0,640,218,26,11,18,0.9,0.9,0.5,13,0,436,541,32,403,41,14,25,0,13,12,3,8,18,0,0,0,81,11,15
2020-12-19,Southampton_vs_Manchester_City,Manchester City,Southampton,St. Mary's Stadium Southampton,0,1,1,0,0,11,5,2,0,687,159,19,5,17,0.9999999999999999,0.9999999999999999,1.0,21,2,485,577,44,446,40,18,33,0,13,12,3,4,15,0,0,0,85,15,11
2020-11-29,Southampton_vs_Manchester_United,Southampton,Manchester United,St. Mary's Stadium Southampton,0,2,1,0,0,10,5,1,0,685,130,22,15,18,0.30000000000000004,0.30000000000000004,0.2,13,3,440,554,28,412,34,14,20,0,13,13,0,8,9,0,0,0,111,10,15
2020-11-29,Southampton_vs_Manchester_United,Manchester United,Southampton,St. Mary's Stadium Southampton,0,3,2,0,0,15,6,0,0,684,190,17,9,20,2.3,2.3,1.4,23,5,452,558,43,371,37,9,14,0,13,13,0,13,13,0,0,0,99,15,10
2020-11-06,Southampton_vs_Newcastle_United,Southampton,Newcastle United,St. Mary's Stadium Southampton,0,2,1,0,0,15,7,1,0,713,167,32,10,8,0.8999999999999999,0.8999999999999999,0.6000000000000001,22,4,491,598,26,444,44,8,17,0,12,10,4,4,21,0,0,0,101,8,13
2020-11-06,Southampton_vs_Newcastle_United,Newcastle United,Southampton,St. Mary's Stadium Southampton,0,0,0,0,0,4,2,2,0,499,136,19,4,20,0.6000000000000001,0.6000000000000001,0.5,5,0,277,375,15,298,17,12,23,0,11,11,1,3,11,0,0,0,93,13,8
2020-12-13,Southampton_vs_Sheffield_United,Southampton,Sheffield United,"St. Mary's Stadium, Southampton",2000,3,3,0,0,16,6,0,0,708,87,23,5,10,1.4000000000000001,1.4000000000000001,1.3,25,5,514,605,33,446,56,10,13,0,9,16,4,8,15,0,0,0,84,20,17
2020-12-13,Southampton_vs_Sheffield_United,Sheffield United,Southampton,"St. Mary's Stadium, Southampton",2000,0,0,0,0,3,0,1,0,392,171,13,14,15,0.4,0.4,0.5,5,0,204,299,17,165,15,10,18,0,17,8,0,10,6,0,0,0,64,17,20
2020-09-20,Southampton_vs_Tottenham_Hotspur,Southampton,Tottenham Hotspur,St. Mary's Stadium Southampton,0,2,1,1,1,13,5,4,0,585,95,14,5,19,1.5000000000000002,0.7,0.5,20,2,362,473,33,343,53,8,12,0,24,19,2,8,9,0,0,0,115,12,25
2020-09-20,Southampton_vs_Tottenham_Hotspur,Tottenham Hotspur,Southampton,St. Mary's Stadium Southampton,0,5,4,0,0,9,6,3,0,553,118,13,2,14,2.6,2.6,1.7000000000000002,17,9,336,462,27,265,20,8,10,0,20,21,6,4,8,0,1,0,99,25,12
2020-10-04,Southampton_vs_West_Bromwich_Albion,Southampton,West Bromwich Albion,St. Mary's Stadium Southampton,0,2,1,0,0,13,7,2,0,681,130,25,13,14,1.4000000000000001,1.4000000000000001,0.9,16,3,440,565,38,396,45,11,18,0,20,12,1,7,13,0,0,0,116,15,10
2020-10-04,Southampton_vs_West_Bromwich_Albion,West Bromwich Albion,Southampton,St. Mary's Stadium Southampton,0,0,0,0,0,5,3,1,0,492,176,21,9,19,0.0,0.0,0.0,6,0,245,350,20,248,23,9,23,0,12,18,1,6,11,0,0,0,105,10,15
2020-12-29,Southampton_vs_West_Ham_United,Southampton,West Ham United,St. Mary's Stadium Southampton,0,0,0,0,0,8,3,3,0,703,97,15,6,14,0.5,0.5,0.30000000000000004,13,0,502,603,29,447,61,6,12,0,18,17,3,10,8,0,0,0,93,8,20
2020-12-29,Southampton_vs_West_Ham_United,West Ham United,Southampton,St. Mary's Stadium Southampton,0,0,0,0,0,7,3,1,0,467,91,17,8,12,1.0,1.0,0.5,10,0,251,356,26,223,20,7,10,0,18,18,2,9,12,0,0,0,94,20,8
2020-12-06,Tottenham_Hotspur_vs_Arsenal,Tottenham Hotspur,Arsenal,"Tottenham Hotspur Stadium, London",2000,2,2,0,0,6,3,1,0,434,155,16,5,8,0.5,0.5,0.4,10,4,219,315,10,195,16,5,10,0,18,13,0,3,7,0,0,0,73,23,16
2020-12-06,Tottenham_Hotspur_vs_Arsenal,Arsenal,Tottenham Hotspur,"Tottenham Hotspur Stadium, London",2000,0,0,0,0,12,2,2,0,775,74,15,4,9,0.9,0.9,0.6,15,0,560,679,59,571,85,11,18,0,14,17,0,34,8,0,0,0,115,16,23
2020-11-01,Tottenham_Hotspur_vs_Brighton_&_Hove_Albion,Tottenham Hotspur,Brighton & Hove Albion,Tottenham Hotspur Stadium London,0,2,1,1,1,8,2,2,0,528,139,23,2,16,1.9000000000000004,1.1,0.5,14,3,315,421,20,317,25,6,11,0,14,10,0,5,11,1,0,0,91,23,20
2020-11-01,Tottenham_Hotspur_vs_Brighton_&_Hove_Albion,Brighton & Hove Albion,Tottenham Hotspur,Tottenham Hotspur Stadium London,0,1,1,0,0,6,2,1,0,638,137,17,3,14,0.30000000000000004,0.30000000000000004,0.3,11,2,418,529,30,429,55,10,20,0,13,13,4,11,8,0,1,0,108,20,23
2020-09-13,Tottenham_Hotspur_vs_Everton,Tottenham Hotspur,Everton,Tottenham Hotspur Stadium London,0,0,0,0,0,10,5,1,0,676,220,10,2,11,0.8999999999999999,0.8999999999999999,0.7999999999999999,17,0,486,580,41,384,39,4,14,0,17,10,0,15,3,0,0,0,73,21,17
2020-09-13,Tottenham_Hotspur_vs_Everton,Everton,Tottenham Hotspur,Tottenham Hotspur Stadium London,0,1,1,0,0,15,5,0,0,693,117,18,8,16,1.4000000000000001,1.4000000000000001,0.7999999999999999,25,2,473,562,32,458,41,11,15,0,10,16,1,10,15,0,0,0,85,17,21
2021-01-13,Tottenham_Hotspur_vs_Fulham,Tottenham Hotspur,Fulham,Tottenham Hotspur Stadium London,0,1,1,0,0,14,6,1,0,665,191,16,16,24,2.3000000000000003,2.3000000000000003,1.9000000000000001,19,2,437,539,36,421,47,11,19,0,14,18,2,14,10,0,0,0,79,14,30
2021-01-13,Tottenham_Hotspur_vs_Fulham,Fulham,Tottenham Hotspur,Tottenham Hotspur Stadium London,0,1,1,0,0,15,4,2,0,622,120,19,12,9,1.0,1.0,0.7,26,2,403,504,39,409,48,16,25,0,19,13,2,13,11,0,0,0,97,30,14
2021-01-02,Tottenham_Hotspur_vs_Leeds_United,Tottenham Hotspur,Leeds United,Tottenham Hotspur Stadium London,0,3,2,1,1,19,6,4,1,509,174,25,12,20,2.5000000000000004,1.7000000000000002,1.7000000000000002,25,5,276,372,30,277,31,17,23,1,19,16,0,8,12,1,0,0,90,13,6
2021-01-02,Tottenham_Hotspur_vs_Leeds_United,Leeds United,Tottenham Hotspur,Tottenham Hotspur Stadium London,0,0,0,0,0,18,5,1,0,735,167,19,15,12,0.9999999999999999,0.9999999999999999,0.9,28,0,503,617,49,471,56,12,23,0,16,20,1,14,12,0,1,0,105,6,13
2020-12-20,Tottenham_Hotspur_vs_Leicester_City,Tottenham Hotspur,Leicester City,Tottenham Hotspur Stadium London,0,0,0,0,0,9,3,2,0,658,172,23,15,15,1.1,1.1,0.6,15,0,421,539,41,402,38,14,22,0,16,18,2,12,13,0,1,1,94,27,21
2020-12-20,Tottenham_Hotspur_vs_Leicester_City,Leicester City,Tottenham Hotspur,Tottenham Hotspur Stadium London,0,1,0,1,1,16,3,2,0,580,129,24,17,15,1.5000000000000004,0.7,0.8,32,3,334,440,23,342,35,11,20,0,19,16,4,7,12,1,0,0,111,21,27
2020-11-21,Tottenham_Hotspur_vs_Manchester_City,Tottenham Hotspur,Manchester City,Tottenham Hotspur Stadium London,0,2,2,0,0,4,2,2,0,441,202,33,9,20,0.6000000000000001,0.6000000000000001,0.6000000000000001,7,4,228,310,22,230,23,8,15,0,17,17,1,2,23,0,0,0,57,8,11
2020-11-21,Tottenham_Hotspur_vs_Manchester_City,Manchester City,Tottenham Hotspur,Tottenham Hotspur Stadium London,0,0,0,0,0,21,5,2,0,739,95,16,7,8,1.2999999999999998,1.2999999999999998,0.8999999999999999,33,0,551,635,62,569,92,16,25,0,20,17,2,12,14,0,0,0,104,11,8
2020-09-27,Tottenham_Hotspur_vs_Newcastle_United,Tottenham Hotspur,Newcastle United,Tottenham Hotspur Stadium London,0,1,1,0,0,23,11,1,0,788,131,11,3,8,2.1,2.1,1.5000000000000002,34,2,590,678,46,543,72,10,15,0,15,8,0,10,4,0,1,0,96,31,20
2020-09-27,Tottenham_Hotspur_vs_Newcastle_United,Newcastle United,Tottenham Hotspur,Tottenham Hotspur Stadium London,0,1,0,1,1,5,0,4,0,465,124,19,3,21,1.0,0.2,0.2,9,2,265,353,16,239,17,7,10,0,9,14,1,9,12,0,0,0,74,20,31
2020-10-18,Tottenham_Hotspur_vs_West_Ham_United,Tottenham Hotspur,West Ham United,Tottenham Hotspur Stadium London,0,3,3,0,0,11,6,0,0,654,150,26,2,21,1.2,1.2,1.1,21,6,422,521,27,410,30,10,17,0,13,14,1,9,16,0,0,1,99,15,18
2020-10-18,Tottenham_Hotspur_vs_West_Ham_United,West Ham United,Tottenham Hotspur,Tottenham Hotspur Stadium London,0,2,1,0,0,13,4,5,0,599,75,14,3,15,2.1,2.1,1.1,22,4,383,496,38,379,42,13,28,0,15,13,3,20,11,0,0,0,110,18,15
2021-01-02,West_Bromwich_Albion_vs_Arsenal,West Bromwich Albion,Arsenal,The Hawthorns West Bromwich,0,0,0,0,0,7,3,1,0,535,167,13,17,21,0.30000000000000004,0.30000000000000004,0.2,12,0,309,419,19,310,30,10,18,0,8,5,3,14,9,0,0,0,82,23,11
2021-01-02,West_Bromwich_Albion_vs_Arsenal,Arsenal,West Bromwich Albion,The Hawthorns West Bromwich,0,4,3,0,0,21,11,2,0,773,108,18,11,12,3.3000000000000007,3.3000000000000007,2.1,30,7,534,644,37,540,69,9,16,0,5,8,2,15,15,0,0,0,107,11,23
2020-12-20,West_Bromwich_Albion_vs_Aston_Villa,West Bromwich Albion,Aston Villa,The Hawthorns West Bromwich,0,0,0,0,0,1,1,1,1,411,182,14,16,16,0.0,0.0,0.0,2,0,207,314,14,181,13,8,15,0,15,9,2,7,8,0,1,0,78,27,33
2020-12-20,West_Bromwich_Albion_vs_Aston_Villa,Aston Villa,West Bromwich Albion,The Hawthorns West Bromwich,0,3,2,1,1,19,9,2,0,721,105,14,7,9,2.3,1.5,1.0999999999999999,38,6,520,620,57,479,77,12,17,0,10,15,4,24,9,1,0,0,106,33,27
2020-10-19,West_Bromwich_Albion_vs_Burnley,West Bromwich Albion,Burnley,The Hawthorns West Bromwich,0,0,0,0,0,13,6,2,0,647,152,18,3,14,0.9,0.9,0.5,20,0,397,514,31,353,38,7,12,0,21,17,2,12,11,0,0,0,105,31,37
2020-10-19,West_Bromwich_Albion_vs_Burnley,Burnley,West Bromwich Albion,The Hawthorns West Bromwich,0,0,0,0,0,9,4,2,0,514,110,19,1,13,1.1,1.1,0.5,15,0,276,409,21,245,19,10,16,0,18,20,0,15,9,0,0,0,114,37,31
2020-09-26,West_Bromwich_Albion_vs_Chelsea,West Bromwich Albion,Chelsea,The Hawthorns West Bromwich,0,3,2,0,0,9,3,1,0,420,170,16,5,30,0.9,0.9,0.7,13,4,182,280,19,178,28,10,18,0,9,17,1,11,11,0,0,0,84,8,16
2020-09-26,West_Bromwich_Albion_vs_Chelsea,Chelsea,West Bromwich Albion,The Hawthorns West Bromwich,0,3,2,0,0,24,11,3,0,953,133,18,7,16,2.3000000000000003,2.3000000000000003,1.2,40,5,732,837,66,661,103,4,8,0,17,8,0,23,14,0,0,0,109,16,8
2020-12-06,West_Bromwich_Albion_vs_Crystal_Palace,West Bromwich Albion,Crystal Palace,The Hawthorns West Bromwich,0,1,1,0,0,9,4,2,1,617,132,16,7,18,0.7,0.7,0.6,13,2,445,513,25,400,38,14,21,0,11,18,2,12,7,0,0,1,61,18,16
2020-12-06,West_Bromwich_Albion_vs_Crystal_Palace,Crystal Palace,West Bromwich Albion,The Hawthorns West Bromwich,0,4,4,0,0,18,7,2,0,618,175,19,8,12,1.8,1.8,1.0999999999999999,30,8,450,522,42,429,61,6,17,0,18,11,3,10,13,0,0,0,74,16,18
2020-12-29,West_Bromwich_Albion_vs_Leeds_United,West Bromwich Albion,Leeds United,The Hawthorns West Bromwich,0,0,0,0,0,4,1,0,0,379,138,16,15,15,0.5,0.5,0.0,5,2,170,275,11,176,21,4,5,0,11,10,1,12,13,0,0,1,80,16,26
2020-12-29,West_Bromwich_Albion_vs_Leeds_United,Leeds United,West Bromwich Albion,The Hawthorns West Bromwich,0,4,3,0,0,14,6,1,0,892,88,15,11,8,0.8,0.8,0.7,26,7,701,798,52,596,75,10,16,0,10,10,1,16,10,0,0,0,88,26,16
2020-09-13,West_Bromwich_Albion_vs_Leicester_City,West Bromwich Albion,Leicester City,The Hawthorns West Bromwich,0,0,0,0,0,7,1,1,0,467,113,14,6,16,0.5,0.5,0.30000000000000004,9,0,267,360,19,257,21,4,11,0,12,10,4,8,10,0,2,0,86,14,9
2020-09-13,West_Bromwich_Albion_vs_Leicester_City,Leicester City,West Bromwich Albion,The Hawthorns West Bromwich,0,3,1,2,2,11,5,1,0,741,138,23,5,14,2.1,0.6,0.1,19,5,524,621,37,446,42,6,10,0,11,11,3,11,15,2,0,0,83,9,14
2020-11-28,West_Bromwich_Albion_vs_Sheffield_United,West Bromwich Albion,Sheffield United,The Hawthorns West Bromwich,0,1,0,0,0,17,6,2,0,523,102,10,6,11,1.2999999999999998,1.2999999999999998,0.7,24,0,318,422,33,280,21,7,13,0,11,13,2,10,7,0,0,0,97,24,16
2020-11-28,West_Bromwich_Albion_vs_Sheffield_United,Sheffield United,West Bromwich Albion,The Hawthorns West Bromwich,0,0,0,0,0,21,5,3,0,564,125,18,7,17,3.0,3.0,2.1,33,0,345,441,34,337,42,12,15,0,14,11,3,16,7,0,0,0,86,16,24
2020-11-08,West_Bromwich_Albion_vs_Tottenham_Hotspur,West Bromwich Albion,Tottenham Hotspur,The Hawthorns West Bromwich,0,0,0,0,0,12,2,1,0,502,131,19,4,20,0.8,0.8,0.7,18,0,253,387,35,272,26,11,18,0,19,12,1,13,11,0,0,0,122,30,19
2020-11-08,West_Bromwich_Albion_vs_Tottenham_Hotspur,Tottenham Hotspur,West Bromwich Albion,The Hawthorns West Bromwich,0,1,1,0,0,19,5,0,0,675,132,18,3,16,1.6000000000000003,1.6000000000000003,1.2,33,2,424,548,37,375,49,7,12,0,12,16,1,9,12,0,0,0,129,19,30
2020-11-30,West_Ham_United_vs_Aston_Villa,West Ham United,Aston Villa,London Stadium London,0,2,2,0,0,6,2,1,0,391,134,12,3,18,0.5,0.5,0.2,10,4,183,298,20,204,19,3,6,0,22,7,1,6,7,0,1,0,91,27,32
2020-11-30,West_Ham_United_vs_Aston_Villa,Aston Villa,West Ham United,London Stadium London,0,1,1,0,1,15,6,1,0,671,79,10,2,9,2.7000000000000006,2.0,1.7000000000000002,30,2,458,572,45,421,61,16,21,0,8,21,3,19,5,1,0,0,104,32,27
2020-12-27,West_Ham_United_vs_Brighton_&_Hove_Albion,West Ham United,Brighton & Hove Albion,London Stadium London,0,2,1,0,0,11,4,0,0,549,132,14,17,15,1.2000000000000002,1.2000000000000002,0.8,15,2,343,460,33,307,34,6,9,0,9,10,2,22,7,0,0,0,90,21,16
2020-12-27,West_Ham_United_vs_Brighton_&_Hove_Albion,Brighton & Hove Albion,West Ham United,London Stadium London,0,2,0,0,0,13,4,0,0,694,97,11,10,16,1.2000000000000002,1.2000000000000002,0.2,20,0,493,607,28,470,51,8,13,0,11,8,1,9,7,0,0,0,103,16,21
2021-01-16,West_Ham_United_vs_Burnley,West Ham United,Burnley,London Stadium London,0,1,0,0,0,14,3,2,0,524,142,6,16,13,1.7000000000000002,1.7000000000000002,1.4,20,2,281,415,33,285,35,14,22,0,16,11,5,20,4,0,0,0,132,29,23
2021-01-16,West_Ham_United_vs_Burnley,Burnley,West Ham United,London Stadium London,0,0,0,0,0,10,2,1,0,609,99,17,15,20,0.5,0.5,0.2,14,0,363,497,41,337,42,7,9,0,11,16,1,15,8,0,0,0,103,23,29
2020-12-16,West_Ham_United_vs_Crystal_Palace,West Ham United,Crystal Palace,London Stadium London,0,1,1,0,0,9,2,0,0,613,96,21,20,10,0.2,0.2,0.2,14,2,404,494,37,363,51,9,17,0,9,15,0,14,12,0,0,0,73,22,15
2020-12-16,West_Ham_United_vs_Crystal_Palace,Crystal Palace,West Ham United,London Stadium London,0,1,1,0,0,8,3,3,1,551,134,22,16,7,0.7999999999999999,0.7999999999999999,0.8,12,2,350,456,30,368,50,7,13,1,14,9,0,11,14,0,0,0,78,15,22
2020-11-07,West_Ham_United_vs_Fulham,West Ham United,Fulham,London Stadium London,0,1,1,0,0,16,7,2,0,648,160,14,5,22,1.4000000000000001,1.4000000000000001,0.8,22,1,457,538,28,412,48,7,13,0,13,10,3,15,9,0,1,0,69,20,18
2020-11-07,West_Ham_United_vs_Fulham,Fulham,West Ham United,London Stadium London,0,0,0,0,1,12,2,2,0,601,89,13,1,10,1.5000000000000002,0.7999999999999999,0.6000000000000001,21,0,406,499,21,415,32,10,16,0,10,12,2,16,5,1,0,0,82,18,20
2020-10-24,West_Ham_United_vs_Manchester_City,West Ham United,Manchester City,London Stadium London,0,1,1,0,0,6,2,2,0,443,151,20,6,18,0.5,0.5,0.5,11,2,236,338,17,220,22,7,12,0,14,8,1,12,15,0,0,0,91,15,14
2020-10-24,West_Ham_United_vs_Manchester_City,Manchester City,West Ham United,London Stadium London,0,1,1,0,0,14,7,0,0,880,112,15,3,11,0.8999999999999999,0.8999999999999999,0.9,22,2,691,782,54,644,107,10,19,0,8,13,0,19,7,0,0,0,89,14,15
2020-12-05,West_Ham_United_vs_Manchester_United,West Ham United,Manchester United,"London Stadium, London",2000,1,1,0,0,19,6,0,0,523,153,14,17,17,2.2,2.2,1.3,32,1,326,424,34,333,36,9,12,0,11,11,4,18,11,0,0,0,84,14,15
2020-12-05,West_Ham_United_vs_Manchester_United,Manchester United,West Ham United,"London Stadium, London",2000,3,3,0,0,15,6,0,0,754,120,12,10,19,1.8000000000000003,1.8000000000000003,1.8,29,5,548,636,45,460,44,10,14,0,12,11,3,4,7,0,0,0,82,15,14
2020-09-12,West_Ham_United_vs_Newcastle_United,West Ham United,Newcastle United,London Stadium London,0,0,0,0,0,15,3,2,0,619,139,18,2,20,1.3000000000000003,1.3000000000000003,1.0,24,0,413,521,29,411,66,7,12,0,14,11,2,19,8,0,0,0,93,23,24
2020-09-12,West_Ham_United_vs_Newcastle_United,Newcastle United,West Ham United,London Stadium London,0,2,2,0,0,16,3,2,0,496,105,14,3,17,1.4000000000000004,1.4000000000000004,1.2000000000000002,27,4,275,368,29,280,30,15,21,0,11,12,4,14,9,0,0,0,101,24,23
2021-01-19,West_Ham_United_vs_West_Bromwich_Albion,West Ham United,West Bromwich Albion,London Stadium London,0,2,2,0,0,14,6,0,0,696,66,12,3,11,1.4000000000000004,1.4000000000000004,1.1,23,4,477,582,32,457,42,13,19,0,11,10,2,22,8,0,0,0,96,15,19
2021-01-19,West_Ham_United_vs_West_Bromwich_Albion,West Bromwich Albion,West Ham United,London Stadium London,0,1,1,0,0,6,2,1,0,511,126,20,3,16,0.4,0.4,0.4,10,2,280,393,23,281,41,5,7,0,11,10,0,16,12,0,0,0,96,19,15
2020-09-27,West_Ham_United_vs_Wolverhampton_Wanderers,West Ham United,Wolverhampton Wanderers,London Stadium London,0,3,2,0,0,15,7,0,0,512,111,20,6,18,1.6,1.6,0.8999999999999999,26,6,305,402,22,336,31,19,27,0,8,12,3,9,14,0,0,0,98,15,23
2020-09-27,West_Ham_United_vs_Wolverhampton_Wanderers,Wolverhampton Wanderers,West Ham United,London Stadium London,0,0,0,0,0,11,2,1,0,770,125,18,4,17,0.5,0.5,0.2,16,0,570,666,45,530,75,27,40,0,12,8,2,17,13,0,0,1,92,23,15
2020-12-12,Wolverhampton_Wanderers_vs_Aston_Villa,Wolverhampton Wanderers,Aston Villa,Molineux Stadium Wolverhampton,0,0,0,0,0,16,7,4,1,509,149,13,9,22,1.1,1.1,0.9,24,0,286,382,26,269,41,15,19,1,22,17,0,17,7,0,1,0,84,20,29
2020-12-12,Wolverhampton_Wanderers_vs_Aston_Villa,Aston Villa,Wolverhampton Wanderers,Molineux Stadium Wolverhampton,0,1,0,1,1,11,1,7,1,509,149,10,8,13,1.3000000000000003,0.5,0.2,19,2,286,401,28,263,29,8,14,1,17,21,2,19,8,1,0,0,102,29,20
2020-12-15,Wolverhampton_Wanderers_vs_Chelsea,Wolverhampton Wanderers,Chelsea,Molineux Stadium Wolverhampton,0,2,2,0,0,12,4,2,0,577,100,16,14,16,0.4,0.4,0.30000000000000004,21,4,358,457,29,367,33,13,17,0,16,15,1,14,11,0,0,0,87,26,12
2020-12-15,Wolverhampton_Wanderers_vs_Chelsea,Chelsea,Wolverhampton Wanderers,Molineux Stadium Wolverhampton,0,1,1,0,0,13,3,2,0,652,159,16,12,13,1.4000000000000004,1.4000000000000004,0.8,18,2,444,538,34,398,67,10,18,0,16,16,0,24,8,0,0,0,91,12,26
2020-10-30,Wolverhampton_Wanderers_vs_Crystal_Palace,Wolverhampton Wanderers,Crystal Palace,Molineux Stadium Wolverhampton,0,2,1,0,0,15,5,0,0,573,134,23,4,15,1.3,1.3,1.1,26,2,391,471,23,354,47,9,13,0,14,6,0,15,17,0,0,0,69,14,7
2020-10-30,Wolverhampton_Wanderers_vs_Crystal_Palace,Crystal Palace,Wolverhampton Wanderers,Molineux Stadium Wolverhampton,0,0,0,0,0,11,2,2,1,644,75,10,5,17,0.6000000000000001,0.6000000000000001,0.30000000000000004,15,0,471,535,40,444,55,14,22,0,5,14,2,12,1,0,0,0,58,7,14
2021-01-12,Wolverhampton_Wanderers_vs_Everton,Wolverhampton Wanderers,Everton,Molineux Stadium Wolverhampton,0,1,1,0,0,12,3,2,0,690,152,13,20,9,1.0,1.0,0.8,19,1,521,591,36,468,73,9,15,0,8,10,0,15,9,0,0,0,51,8,17
2021-01-12,Wolverhampton_Wanderers_vs_Everton,Everton,Wolverhampton Wanderers,Molineux Stadium Wolverhampton,0,2,2,0,0,5,3,2,0,615,69,9,15,11,0.5,0.5,0.5,8,3,458,532,39,382,40,8,15,0,12,8,1,16,7,0,0,0,48,17,8
2020-10-04,Wolverhampton_Wanderers_vs_Fulham,Wolverhampton Wanderers,Fulham,Molineux Stadium Wolverhampton,0,1,0,0,0,14,5,1,0,606,135,17,7,11,1.2000000000000002,1.2000000000000002,0.5,17,1,432,518,30,413,42,5,11,0,16,7,0,10,9,0,0,0,65,13,8
2020-10-04,Wolverhampton_Wanderers_vs_Fulham,Fulham,Wolverhampton Wanderers,Molineux Stadium Wolverhampton,0,0,0,0,0,10,2,1,0,671,95,14,7,16,0.7000000000000001,0.7000000000000001,0.7,16,0,482,567,31,451,44,10,14,0,9,16,0,23,8,0,0,0,79,8,13
2020-09-21,Wolverhampton_Wanderers_vs_Manchester_City,Wolverhampton Wanderers,Manchester City,Molineux Stadium Wolverhampton,0,1,1,0,0,10,1,0,0,508,160,27,6,18,1.0,1.0,1.0,20,2,298,388,14,319,30,16,28,0,10,7,3,9,15,0,1,0,87,11,14
2020-09-21,Wolverhampton_Wanderers_vs_Manchester_City,Manchester City,Wolverhampton Wanderers,Molineux Stadium Wolverhampton,0,3,2,1,1,13,8,3,0,825,106,22,1,16,2.0,1.2000000000000002,1.0,27,6,628,729,45,662,65,15,28,0,8,10,3,6,17,1,0,0,101,14,11
2020-10-25,Wolverhampton_Wanderers_vs_Newcastle_United,Wolverhampton Wanderers,Newcastle United,Molineux Stadium Wolverhampton,0,1,0,0,0,16,4,0,0,821,92,9,2,16,0.6000000000000001,0.6000000000000001,0.7,24,0,655,730,53,594,73,13,24,0,11,9,0,13,7,0,0,0,90,8,10
2020-10-25,Wolverhampton_Wanderers_vs_Newcastle_United,Newcastle United,Wolverhampton Wanderers,Molineux Stadium Wolverhampton,0,1,0,0,0,5,2,1,0,523,140,20,4,18,0.2,0.2,0.2,9,2,344,428,13,352,34,8,12,0,10,11,1,8,11,0,0,0,65,10,8
2020-11-23,Wolverhampton_Wanderers_vs_Southampton,Wolverhampton Wanderers,Southampton,Molineux Stadium Wolverhampton,0,1,0,0,0,20,9,2,0,579,172,20,11,14,2.0,2.0,1.1,34,1,359,457,43,357,49,19,29,0,17,16,2,19,15,0,0,0,107,23,15
2020-11-23,Wolverhampton_Wanderers_vs_Southampton,Southampton,Wolverhampton Wanderers,Molineux Stadium Wolverhampton,0,1,1,0,0,7,2,0,0,660,129,18,6,24,1.5000000000000002,1.5000000000000002,1.5,13,2,441,543,29,376,45,11,22,0,17,17,1,11,14,0,0,0,89,15,23
2020-12-27,Wolverhampton_Wanderers_vs_Tottenham_Hotspur,Wolverhampton Wanderers,Tottenham Hotspur,Molineux Stadium Wolverhampton,0,1,1,0,0,11,6,4,0,694,132,21,8,14,0.8999999999999999,0.8999999999999999,0.7,18,2,478,586,39,468,61,17,25,0,24,16,2,23,13,0,0,0,94,18,23
2020-12-27,Wolverhampton_Wanderers_vs_Tottenham_Hotspur,Tottenham Hotspur,Wolverhampton Wanderers,Molineux Stadium Wolverhampton,0,1,1,0,0,7,3,1,0,600,113,11,22,13,0.4,0.4,0.4,12,1,377,471,32,381,32,9,13,0,16,24,0,7,7,0,0,0,75,23,18
2021-01-16,Wolverhampton_Wanderers_vs_West_Bromwich_Albion,Wolverhampton Wanderers,West Bromwich Albion,Molineux Stadium Wolverhampton,0,2,1,0,0,24,7,2,0,710,99,12,9,11,2.2,2.2,1.6,36,1,494,600,43,421,71,20,27,0,10,21,0,16,7,0,2,0,98,33,21
2021-01-16,Wolverhampton_Wanderers_vs_West_Bromwich_Albion,West Bromwich Albion,Wolverhampton Wanderers,Molineux Stadium Wolverhampton,0,3,1,2,2,10,3,1,0,422,171,16,9,27,2.2,0.6,0.1,18,6,194,297,22,181,24,5,9,0,21,9,2,7,9,2,0,0,75,21,33
